Organization,Program,Form,Page,Section,Type,Label,Label Arabic,ID,External ID,Data Type,Rendering,OptionSet name
MSF,Mental health,MHPSS Baseline,Consultation,Admission,Question,Admission type,نوع الدخول,2473,4dae5b12-070f-4153-b1ca-fbec906106e1,Coded,radio,Admission type - MH
MSF,Mental health,MHPSS Baseline,Consultation,Admission,Answer,New admission,ادخال جديد,2475,9f2fe30f-a8f0-49ba-82e4-71c232259130,,,Admission type - MH
MSF,Mental health,MHPSS Baseline,Consultation,Admission,Answer,Readmission,اعادة ادخال,2474,e4e42ecd-196b-4aa8-a265-bfbed09d77cf,,,Admission type - MH
MSF,Mental health,MHPSS Baseline,Consultation,Admission,Question,Gender,الجنس,4,ec42d68d-3e23-43de-b8c5-a03bb538e7c7,Coded,radio,Sex - Standard
MSF,Mental health,MHPSS Baseline,Consultation,Admission,Answer,Male,ذكر,5,625baaf5-ba75-4c23-bdef-283fd47c34db,,,Sex - Standard
MSF,Mental health,MHPSS Baseline,Consultation,Admission,Answer,Female,انثى,6,2ded9cfb-c089-4e1c-b032-7aa4a17882f7,,,Sex - Standard
MSF,Mental health,MHPSS Baseline,Consultation,Admission,Answer,Transgender male,ذكر متحول,3235,37ccc7b5-0d1d-48d3-87a6-aee614bb500f,,,Sex - Standard
MSF,Mental health,MHPSS Baseline,Consultation,Admission,Answer,Transgender female,انثى متحولة,3234,1226d253-376f-4e73-9ae2-36c7e9362e8b,,,Sex - Standard
MSF,Mental health,MHPSS Baseline,Consultation,Admission,Answer,Gender variant - Non conforming,غير معياري,3236,810ca6e9-cabf-4aa6-98d0-c3d31cfdb5f0,,,Sex - Standard
MSF,Mental health,MHPSS Baseline,Consultation,Admission,Answer,Prefer not to answer,عدم الإجابة,3237,245151ca-691e-4d5a-a792-64cb573e2b34,,,Sex - Standard
MSF,Mental health,MHPSS Baseline,Consultation,Admission,Answer,Unknown,غير معروف,929,ccb4c50d-13e0-46a2-bd5e-51c86d042ad8,,,Sex - Standard
MSF,Mental health,MHPSS Baseline,Consultation,Admission,Question,Education,التعليم,1288,cc3a5a7a-abfe-4630-b0c0-c1275c6cbb54,Coded,radio,Education - MH
MSF,Mental health,MHPSS Baseline,Consultation,Admission,Answer,College,,1413,6d5582c2-ae2f-4a18-a173-3e0011ec4616,,,Education - MH
MSF,Mental health,MHPSS Baseline,Consultation,Admission,Answer,Illiterate,,4065,f49d8262-d0f2-4a99-93c5-4533943663d3,,,Education - MH
MSF,Mental health,MHPSS Baseline,Consultation,Admission,Answer,Primary,,1411,d0a9a2bd-ca9c-4825-8728-29648f8610e4,,,Education - MH
MSF,Mental health,MHPSS Baseline,Consultation,Admission,Answer,Secondary,,1412,d6ba27d2-6477-4174-bde9-229946ce9bbe,,,Education - MH
MSF,Mental health,MHPSS Baseline,Consultation,Admission,Answer,University,,1413,6d5582c2-ae2f-4a18-a173-3e0011ec4616,,,Education - MH
MSF,Mental health,MHPSS Baseline,Consultation,Admission,Question,Family tree,شجرة العائلة,3190,f16d5d76-155b-453d-bd60-ea8ee4d344e9,Text,text,
MSF,Mental health,MHPSS Baseline,Consultation,Consultation information,Question,Type of consultation,نوع الاستشارة,1314,1a8bf24f-4f36-4971-aad9-ae77f3525738,Coded,radio,Type of consultation - MHPSS baseline
MSF,Mental health,MHPSS Baseline,Consultation,Consultation information,Answer,Individual,فردية,1507,96223dc7-6959-4ea5-a362-c0246d858c87,,,Type of consultation - MHPSS baseline
MSF,Mental health,MHPSS Baseline,Consultation,Consultation information,Answer,Couple,ازواج,3189,61b32a22-acef-4141-9faa-9c236cdfa978,,,Type of consultation - MHPSS baseline
MSF,Mental health,MHPSS Baseline,Consultation,Consultation information,Answer,Family,عائلية عدد المرضى,3190,f16d5d76-155b-453d-bd60-ea8ee4d344e9,,,Type of consultation - MHPSS baseline
MSF,Mental health,MHPSS Baseline,Consultation,Consultation information,Answer,Parent-Child,اهل واطفال,25,c39eaa06-6506-49f0-9c4f-c96fa957f9cd,,,Type of consultation - MHPSS baseline
MSF,Mental health,MHPSS Baseline,Consultation,Consultation information,Answer,Group,,2888,a8593834-0e37-43fb-b1f3-ad3c704ef0e1,,,Type of consultation - MHPSS baseline
MSF,Mental health,MHPSS Baseline,Consultation,Consultation information,Question,Total number of beneficiaries in family consultation,إجمالي عدد المستفيدين من الاستشارة الأسرية,3148,b87a93ff-a4a1-4601-b35d-1e42bfa7e194,Numeric,number,
MSF,Mental health,MHPSS Baseline,Consultation,Consultation information,Question,Type of intervention,نوع التدخل,3149,82d1fcad-d1be-4ea2-a66c-c872fb4825b4,Coded,radio,Type of Mental Health intervention - MHPSS
MSF,Mental health,MHPSS Baseline,Consultation,Consultation information,Answer,Counselling,استشارة مع مستشار نفسي,1405,08c534b7-c901-46fb-9831-50ecfcd74d1b,,,Type of Mental Health intervention - MHPSS
MSF,Mental health,MHPSS Baseline,Consultation,Consultation information,Answer,Psychotherapy,علاج نفسي مع اخصائي نفسي,3192,aa9c5d82-1ebf-43c7-9218-6766c4affbc4,,,Type of Mental Health intervention - MHPSS
MSF,Mental health,MHPSS Baseline,Consultation,Consultation information,Answer,Psychotherapy/Psychological support,,3192,aa9c5d82-1ebf-43c7-9218-6766c4affbc4,,,Type of Mental Health intervention - MHPSS
MSF,Mental health,MHPSS Baseline,Consultation,Consultation information,Question,Location of intervention,موقع التداخل,1297,82978311-bef9-46f9-9a9a-cc62254b00a6,Coded,radio,Location of intervention - MHPSS
MSF,Mental health,MHPSS Baseline,Consultation,Consultation information,Answer,Health facility,منشأة صحية,3183,0a0c70d2-2ba5-4cb3-941f-b4a9a4a7ec6d,,,Location of intervention - MHPSS
MSF,Mental health,MHPSS Baseline,Consultation,Consultation information,Answer,MSF health facility,مركز صحي تابع لمنظمة أطباء بلا حدود,3184,41e68dee-a2a3-4e6c-9d96-53def5caff52,,,Location of intervention - MHPSS
MSF,Mental health,MHPSS Baseline,Consultation,Consultation information,Answer,Mobile clinic,عيادة متنقلة,3185,08cd4b4a-4b0b-4391-987b-b5b3d770d30f,,,Location of intervention - MHPSS
MSF,Mental health,MHPSS Baseline,Consultation,Consultation information,Answer,Home visit,زيارة منزلية,1382,bd5bf44b-164c-415c-8bff-b1d4849928d3,,,Location of intervention - MHPSS
MSF,Mental health,MHPSS Baseline,Consultation,Consultation information,Answer,School visit,زيارة مدرسية,3191,7091b6ea-7067-4ee3-9f67-8805904e2f61,,,Location of intervention - MHPSS
MSF,Mental health,MHPSS Baseline,Consultation,Consultation information,Answer,Remote / phone,عن بعد / تلفون,975,398ce872-5862-4826-bba8-826915eddf98,,,Location of intervention - MHPSS
MSF,Mental health,MHPSS Baseline,Consultation,Consultation information,Answer,Other,اخرى,7,790b41ce-e1e7-11e8-b02f-0242ac130002,,,Location of intervention - MHPSS
MSF,Mental health,MHPSS Baseline,Consultation,Consultation information,Question,Specify MSF Health Facility,اذا منشأة صحية لأطباء بلا حدود، حدد,3184,41e68dee-a2a3-4e6c-9d96-53def5caff52,Text,text,
MSF,Mental health,MHPSS Baseline,Consultation,Consultation information,Question,Specify Mobile Clinic,اذا عيادات متنقلة، حدد,3185,08cd4b4a-4b0b-4391-987b-b5b3d770d30f,Text,text,
MSF,Mental health,MHPSS Baseline,Consultation,Consultation information,Question,"If other, specify",اذا أخرى، حدد,2563,e08d532b-e56c-43dc-b831-af705654d2dc,Text,text,
MSF,Mental health,MHPSS Baseline,Consultation,Consultation information,Question,Permission to be contacted in case of need,السماح بالتواصل عند الحاجة,804,ce98fb42-1576-4168-892f-6d316ae22495,Coded,radio,Permission to contact - MH
MSF,Mental health,MHPSS Baseline,Consultation,Consultation information,Answer,By Phone,,4058,d5ab08f5-a88b-4d6c-a3cf-1ba3c078b71e,,,Permission to contact - MH
MSF,Mental health,MHPSS Baseline,Consultation,Consultation information,Answer,F2F,,4064,d735f17d-c34d-444b-b235-a49b067be72d,,,Permission to contact - MH
MSF,Mental health,MHPSS Baseline,Consultation,Consultation information,Answer,No permission,,4069,86452166-6550-420e-a1d0-ae83dbd7d4f0,,,Permission to contact - MH
MSF,Mental health,MHPSS Baseline,Consultation,Consultation information,Question,Knowledge of the service,معرفة الخدمات,3841,fb359236-733b-42e0-bec3-e7bb0785985f,Coded,radio,Knowledge of the service - MH
MSF,Mental health,MHPSS Baseline,Consultation,Consultation information,Answer,"Comments by others (e.g., friends)",,4059,bec371ca-7242-43e8-b71e-612d1d149b19,,,Knowledge of the service - MH
MSF,Mental health,MHPSS Baseline,Consultation,Consultation information,Answer,Didn’t know the service before,,4060,b6358723-496d-4f96-8bd5-155afb28a803,,,Knowledge of the service - MH
MSF,Mental health,MHPSS Baseline,Consultation,Consultation information,Answer,Leaflet,,4068,93025cba-6e03-4083-81da-b16aa2f9e7ad,,,Knowledge of the service - MH
MSF,Mental health,MHPSS Baseline,Consultation,Consultation information,Answer,Psychoeducation/Health Promotion,,4075,bc64a6e5-99a7-40fe-86ed-80fed1fdbf46,,,Knowledge of the service - MH
MSF,Mental health,MHPSS Baseline,Consultation,Consultation information,Answer,Radio/TV/Social media,,4076,2838046f-f681-4c27-b081-705932ed58aa,,,Knowledge of the service - MH
MSF,Mental health,MHPSS Baseline,Consultation,Referral source,Question,Main referral source,مصدر الاحالة الرئيسي,3843,6d722abd-9bd8-4c32-88d3-5a0b5f0d4aa0,Coded,radio,Patient referred by - MHPSS - Main
MSF,Mental health,MHPSS Baseline,Consultation,Referral source,Answer,MoH,,3210,410a0731-cb41-4181-9897-6eb9894bf7b8,,,Patient referred by - MHPSS - Main
MSF,Mental health,MHPSS Baseline,Consultation,Referral source,Answer,MSF,,3300,74c9a7c6-e64d-4f49-b8a6-f10999eb25bc,,,Patient referred by - MHPSS - Main
MSF,Mental health,MHPSS Baseline,Consultation,Referral source,Answer,NGO,,48,80ea94ed-44ea-40fa-b697-98523b62df36,,,Patient referred by - MHPSS - Main
MSF,Mental health,MHPSS Baseline,Consultation,Referral source,Answer,Other,,7,790b41ce-e1e7-11e8-b02f-0242ac130002,,,Patient referred by - MHPSS - Main
MSF,Mental health,MHPSS Baseline,Consultation,Referral source,Question,Specific referral source,مصدر الاحالة الدقيق,3193,c3c86c1b-07be-4506-ab25-8f35f4389b19,Coded,radio,Patient referred by - MH
MSF,Mental health,MHPSS Baseline,Consultation,Referral source,Answer,IPD MSF,قسم المرضى الداخليين لدى منظمة أطباء بلا حدود,3194,d17350e6-12de-4454-b902-58c2fc1e59aa,,,Patient referred by - MH
MSF,Mental health,MHPSS Baseline,Consultation,Referral source,Answer,Emergency department MSF,قسم الإسعافات لدى منظمة أطباء بلا حدود,3029,c709f78b-5787-4c7e-b5bd-66aad28f7ff4,,,Patient referred by - MH
MSF,Mental health,MHPSS Baseline,Consultation,Referral source,Answer,Primary Health Center MSF,مركز رعاية صحية أولية تابع لمنظمة أطباء بلا حدود,3195,82815438-a49d-48d7-a67f-dd294aa3c1e2,,,Patient referred by - MH
MSF,Mental health,MHPSS Baseline,Consultation,Referral source,Answer,Health Promotion/sensitization,التوعية الصحية,3196,edb619d5-309f-45db-9521-70fcc22b30aa,,,Patient referred by - MH
MSF,Mental health,MHPSS Baseline,Consultation,Referral source,Answer,Other MSF personnel,موظف آخر لدى منظمة أطباء بلا حدود,3197,200a3de4-00a7-4a2e-a113-852013d6f4c5,,,Patient referred by - MH
MSF,Mental health,MHPSS Baseline,Consultation,Referral source,Answer,MSF social worker,عامل مجتمعي لدى منظمة أطباء بلا حدود,3198,92f7c3e2-89e1-4ebd-9da9-7c2976de815c,,,Patient referred by - MH
MSF,Mental health,MHPSS Baseline,Consultation,Referral source,Answer,Other health structure,مركز أو منشأة صحية أخرى,3199,923c6b39-4094-45e4-95ab-b44f7a381980,,,Patient referred by - MH
MSF,Mental health,MHPSS Baseline,Consultation,Referral source,Answer,Local health worker (non-MSF),عامل محلي في مجال الرعاية الصحية (ليس لدى منظمة أطباء بلا حدود),3200,54054512-7317-45c4-9494-f74be6ab4549,,,Patient referred by - MH
MSF,Mental health,MHPSS Baseline,Consultation,Referral source,Answer,Institutions (NGOs/Church/IGO),مؤسسات أخرى (منظمات غير حكومية / مؤسسة دينية / منظمة حكومية),3201,f9688da4-cdcf-4cb3-90c2-263812fa064f,,,Patient referred by - MH
MSF,Mental health,MHPSS Baseline,Consultation,Referral source,Answer,IPD,,1001,1023b06b-aade-4a59-a73e-3ea630bc6c39,,,Patient referred by - MH
MSF,Mental health,MHPSS Baseline,Consultation,Referral source,Answer,ER,,3029,c709f78b-5787-4c7e-b5bd-66aad28f7ff4,,,Patient referred by - MH
MSF,Mental health,MHPSS Baseline,Consultation,Referral source,Answer,Primary Health Center,,4029,30eec007-8889-4c99-ad6f-834366cf67d8,,,Patient referred by - MH
MSF,Mental health,MHPSS Baseline,Consultation,Referral source,Answer,Health Promotion/CHW,,3349,9bcbf231-c6ca-41c4-b247-bc4bced260c3,,,Patient referred by - MH
MSF,Mental health,MHPSS Baseline,Consultation,Referral source,Answer,Other health professional,,4030,a8970687-0784-4838-86b6-6106e1fecb67,,,Patient referred by - MH
MSF,Mental health,MHPSS Baseline,Consultation,Referral source,Answer,Social worker,,998,5d638414-fff0-4b76-9aff-d709cb518d73,,,Patient referred by - MH
MSF,Mental health,MHPSS Baseline,Consultation,Referral source,Answer,SRH,,1004,02e8a7bc-d18c-4650-bf47-c8e52f493f3b,,,Patient referred by - MH
MSF,Mental health,MHPSS Baseline,Consultation,Referral source,Answer,"NUT (ITFC, ATFC, etc.)",,4028,2eeb61c3-8efa-4dd2-91ba-818ce5ff446a,,,Patient referred by - MH
MSF,Mental health,MHPSS Baseline,Consultation,Referral source,Answer,Counselor,,1568,fda1cdd0-745e-4ff7-a3d0-b8f8ddb99331,,,Patient referred by - MH
MSF,Mental health,MHPSS Baseline,Consultation,Referral source,Answer,Psychologist,,1406,278401ee-3d6f-4c65-9455-f1c16d0a7a98,,,Patient referred by - MH
MSF,Mental health,MHPSS Baseline,Consultation,Referral source,Answer,Psychiatrist/mhGAP,,997,ef57636e-ecf7-4aef-8124-34ccd9ab2bab,,,Patient referred by - MH
MSF,Mental health,MHPSS Baseline,Consultation,Referral source,Answer,International/Local NGO,,48,80ea94ed-44ea-40fa-b697-98523b62df36,,,Patient referred by - MH
MSF,Mental health,MHPSS Baseline,Consultation,Referral source,Answer,Self-referral,احالة فردية,1417,8d9386b1-a641-4155-9822-7a06a16aa8e8,,,Patient referred by - MH
MSF,Mental health,MHPSS Baseline,Consultation,Referral source,Answer,Family member / friend /neighbor,أحد أفراد العائلة / صديق / جار,3202,a8432309-bc74-4da0-8639-76988c02cbb5,,,Patient referred by - MH
MSF,Mental health,MHPSS Baseline,Consultation,Referral source,Answer,Community leader,أحد شخصيات المجتمع المحلي,3203,8b93d848-9e20-41b3-94e5-895a356e5ed7,,,Patient referred by - MH
MSF,Mental health,MHPSS Baseline,Consultation,Referral source,Answer,School / University,مدرسة/جامعة,3204,98b1e458-2d46-4025-b912-7340f9d39610,,,Patient referred by - MH
MSF,Mental health,MHPSS Baseline,Consultation,Referral source,Answer,Authorities,السلطات,3205,80575f44-be81-4694-aba4-012999328339,,,Patient referred by - MH
MSF,Mental health,MHPSS Baseline,Consultation,Referral source,Answer,Legal attorney office,مكتب المحاماة,3206,14940a46-5cce-4744-ac2a-c2d1fdc64e11,,,Patient referred by - MH
MSF,Mental health,MHPSS Baseline,Consultation,Referral source,Answer,Prosecutor office,مكتب الادعاء,3207,b989e916-8299-40f6-9a92-c0c8d8e70f20,,,Patient referred by - MH
MSF,Mental health,MHPSS Baseline,Consultation,Referral source,Answer,Forensic department,قسم الطب الشرعي,3208,f85b0def-4af3-4901-839d-0a9dc8ace318,,,Patient referred by - MH
MSF,Mental health,MHPSS Baseline,Consultation,Referral source,Answer,CHOW (Community Health Outreach Worker),منشط اجتماعي في مجال الرعاية الصحية,3209,127bfdc9-8059-4421-a3cc-967bfbfee0ce,,,Patient referred by - MH
MSF,Mental health,MHPSS Baseline,Consultation,Referral source,Answer,Community educator,مربي مجتمع,3210,410a0731-cb41-4181-9897-6eb9894bf7b8,,,Patient referred by - MH
MSF,Mental health,MHPSS Baseline,Consultation,Referral source,Answer,Family member / friend,,3202,a8432309-bc74-4da0-8639-76988c02cbb5,,,Patient referred by - MH
MSF,Mental health,MHPSS Baseline,Consultation,Referral source,Answer,"Non-Health Authorities (community leaders/representatives, prosecutor, etc)",,4033,7dc276bc-c9ea-4191-9be3-ffc0eae7895e,,,Patient referred by - MH
MSF,Mental health,MHPSS Baseline,Consultation,Referral source,Answer,"School, mosque, church, etc.",,4032,9e556443-70ac-488f-bcaf-25911b55e9f9,,,Patient referred by - MH
MSF,Mental health,MHPSS Baseline,Consultation,Referral source,Answer,Other,,7,790b41ce-e1e7-11e8-b02f-0242ac130002,,,Patient referred by - MH
MSF,Mental health,MHPSS Baseline,Consultation,Referral source,Question,"If other, specify",اذا أخرى، حدد,7,790b41ce-e1e7-11e8-b02f-0242ac130002,Text,text,
MSF,Mental health,MHPSS Baseline,File information,Checklist reminder,Question,Checklist reminder,تذكير بقائمة المراجعة,3842,2d8a5986-5946-44a7-a4aa-5603971d3595,Coded,multiCheckbox,MHPSS - Checklist
MSF,Mental health,MHPSS Baseline,File information,Checklist reminder,Answer,Explain confidentiality,,4061,8ce30461-216b-46b2-84b2-5314d8b355fc,,,MHPSS - Checklist
MSF,Mental health,MHPSS Baseline,File information,Checklist reminder,Answer,Explain services/therapy,,4062,b4af1ca8-f982-4a15-9ace-7a2f85553614,,,MHPSS - Checklist
MSF,Mental health,MHPSS Baseline,File information,Checklist reminder,Answer,Explain the therapist's/patient’s roles,,4063,4588c6d5-280f-411c-b669-af6e9ae8f0ae,,,MHPSS - Checklist
MSF,Mental health,MHPSS Baseline,File information,Checklist reminder,Answer,Obtain informed consent,,4070,ab2fcfa5-4236-4b0f-8a42-860408a78812,,,MHPSS - Checklist
MSF,Mental health,MHPSS Baseline,History,Motive for consultation,Question,Why is the patient coming to you,لماذا يأتي المريض لك,1376,94507d36-c7cc-469c-a521-e82ac1275bb1,Text,textarea,
MSF,Mental health,MHPSS Baseline,Problems / symptoms,Current symptoms or complaints,Question,1. Psychosomatic,1. نفسي جسدي,824,c899d33a-adde-4c70-ad65-2326b8843e3b,Coded,multiCheckbox,Current symptoms or complaints - Psychosomatic
MSF,Mental health,MHPSS Baseline,Problems / symptoms,Current symptoms or complaints,Answer,1.1 Body pain and psychosomatic complaints,آلام أو شكاوي جسدية (وجع رأس، وجع ظهر، خفقان القلب، مشاكل تنفس أو هضم، إلخ.),3211,464c68b7-0fb0-495c-b931-0c1732b60397,,,Current symptoms or complaints - Psychosomatic
MSF,Mental health,MHPSS Baseline,Problems / symptoms,Current symptoms or complaints,Answer,1.2 Eating problems,مشاكل في الأكل,1400,8cc7bf17-44f1-436e-9f0c-4ffed9fdd093,,,Current symptoms or complaints - Psychosomatic
MSF,Mental health,MHPSS Baseline,Problems / symptoms,Current symptoms or complaints,Answer,1.3 Sleeping problems,مشاكل في النوم,526,42966954-f43f-4564-bc59-d9d133e53a75,,,Current symptoms or complaints - Psychosomatic
MSF,Mental health,MHPSS Baseline,Problems / symptoms,Current symptoms or complaints,Answer,1.4 Elimination problems,التبول أثناء النوم / مشاكل في السلس,1396,a22392b2-c8dc-43b5-8f8a-b18a223f25f2,,,Current symptoms or complaints - Psychosomatic
MSF,Mental health,MHPSS Baseline,Problems / symptoms,Current symptoms or complaints,Answer,1.5 Sexual problems,مشاكل جنسية,1401,3ba98736-982f-4d9c-a675-f83b180a9f28,,,Current symptoms or complaints - Psychosomatic
MSF,Mental health,MHPSS Baseline,Problems / symptoms,Current symptoms or complaints,Answer,"1.6 Unexplained physical reaction (non-epileptic seizures, paralysis, unable to walk, unexplained fainting)",ردود فعل جسدية لا يمكن تفسيرها (اختلاجات غير صرعية، شلل، عدم القدرة على المشي، إغماء لا تفسير له),3212,28adad48-b45b-46a4-ae94-4cca6118047e,,,Current symptoms or complaints - Psychosomatic
MSF,Mental health,MHPSS Baseline,Problems / symptoms,Current symptoms or complaints,Question,2. Depression related,2. متعلق بالاكتئاب,1298,7bb9a0b0-ca7e-4cd0-84ba-a5f18811dacd,Coded,multiCheckbox,Current symptoms or complaints - Depression related
MSF,Mental health,MHPSS Baseline,Problems / symptoms,Current symptoms or complaints,Answer,2.1 Sad mood,مزاج حزين,1386,7f4699e5-e70a-49fb-bf34-c09afa867fdc,,,Current symptoms or complaints - Depression related
MSF,Mental health,MHPSS Baseline,Problems / symptoms,Current symptoms or complaints,Answer,2.2 Irritability / anger,سرعة الضيق / الغضب,1387,ab05b9a6-64ae-4ba3-9ff6-df15a424ffb0,,,Current symptoms or complaints - Depression related
MSF,Mental health,MHPSS Baseline,Problems / symptoms,Current symptoms or complaints,Answer,2.3 Loss of interest / anhedonia,فقدان الاهتمام,1389,51061bb9-6084-4bb3-b83b-5c234e45b09c,,,Current symptoms or complaints - Depression related
MSF,Mental health,MHPSS Baseline,Problems / symptoms,Current symptoms or complaints,Answer,2.4 Hopelessness,فقدان الامل,892,ec2bcaba-7349-4e74-8cbe-fe8bd2dbbc4f,,,Current symptoms or complaints - Depression related
MSF,Mental health,MHPSS Baseline,Problems / symptoms,Current symptoms or complaints,Answer,2.5 Guilt/self-blame/low esteem,الشعور بالذنب / لوم الذات / الشعور بانعدام القيمة,3213,e8166325-9ddc-4739-9452-da63ee7862d2,,,Current symptoms or complaints - Depression related
MSF,Mental health,MHPSS Baseline,Problems / symptoms,Current symptoms or complaints,Answer,2.6 Current suicidal thoughts,أفكار انتحارية مؤخرا,1390,4f8f7343-f191-4483-bcf9-c60027a6eca8,,,Current symptoms or complaints - Depression related
MSF,Mental health,MHPSS Baseline,Problems / symptoms,Current symptoms or complaints,Answer,2.7 Suicidal attempt,محاولات انتحارية مؤخرا,3214,ad5c4c92-ae7d-442f-b360-5b8e7c1cbeca,,,Current symptoms or complaints - Depression related
MSF,Mental health,MHPSS Baseline,Problems / symptoms,Current symptoms or complaints,Answer,2.8 Self-harm,أذية للذات مؤخراً,3215,003b425a-d8c3-47ed-bbde-45a7c180c0a4,,,Current symptoms or complaints - Depression related
MSF,Mental health,MHPSS Baseline,Problems / symptoms,Current symptoms or complaints,Answer,2.9 Changes in appetite,تغير في الشهية,3216,ce47585c-fa23-4de3-9e3a-97f5eb309e72,,,Current symptoms or complaints - Depression related
MSF,Mental health,MHPSS Baseline,Problems / symptoms,Current symptoms or complaints,Question,3. Anxiety related,3.متعلق بالقلق,819,241b3278-3803-478b-8484-70e2b17e5543,Coded,multiCheckbox,Current symptoms or complaints - Anxiety related
MSF,Mental health,MHPSS Baseline,Problems / symptoms,Current symptoms or complaints,Answer,3.1 Anxiety / stress,شعور دائم بالضغط,3217,92d3cabc-e64c-4788-8d6b-e6e06f0b18fd,,,Current symptoms or complaints - Anxiety related
MSF,Mental health,MHPSS Baseline,Problems / symptoms,Current symptoms or complaints,Answer,3.2 Constant worry,شعور دائم بالقلق,893,ebb4fe74-35df-4a6e-bd2a-3c3e9912e9bb,,,Current symptoms or complaints - Anxiety related
MSF,Mental health,MHPSS Baseline,Problems / symptoms,Current symptoms or complaints,Answer,3.3 Intense fear / phobia / feeling threatened,خوف شديد / خوف مرضي / الشعور بالتهديد,894,ae1ab702-fa58-4648-95e4-acca5c9078f7,,,Current symptoms or complaints - Anxiety related
MSF,Mental health,MHPSS Baseline,Problems / symptoms,Current symptoms or complaints,Answer,3.4 Panic attack,نوبة ذعر (خوف شديد ومفاجئ مع أعراض جسدية مثل ألم الصدر),1634,473f0ea3-92e5-4a99-bbe0-358e371355ee,,,Current symptoms or complaints - Anxiety related
MSF,Mental health,MHPSS Baseline,Problems / symptoms,Current symptoms or complaints,Answer,3.5 Compulsive or repetitive behavior,سلوك وسواسي أو متكرر,1392,4fa8e185-3ce6-4bbf-92c4-12e069dc9631,,,Current symptoms or complaints - Anxiety related
MSF,Mental health,MHPSS Baseline,Problems / symptoms,Current symptoms or complaints,Question,4. Trauma related,4. متعلق بالصدمة,820,3a0c003c-9149-4a5f-a236-ed5d61231950,Coded,multiCheckbox,Current symptoms or complaints - Trauma related
MSF,Mental health,MHPSS Baseline,Problems / symptoms,Current symptoms or complaints,Answer,"4.1 Intrusive feelings, thoughts",أفكار تطفلية أو اقتحامية,897,ecf185bf-e3a3-4c46-948b-13dd0ddd1487,,,Current symptoms or complaints - Trauma related
MSF,Mental health,MHPSS Baseline,Problems / symptoms,Current symptoms or complaints,Answer,4.2 Flashbacks/nightmares,ومضات من الماضي,1394,c60a75c9-2ee9-4fb2-af53-6d730e45f074,,,Current symptoms or complaints - Trauma related
MSF,Mental health,MHPSS Baseline,Problems / symptoms,Current symptoms or complaints,Answer,4.3 Avoidance,تجنب المحفزات المرتبطة بالصدمة,898,94083de5-2603-4b26-a6d8-ec4459f9eced,,,Current symptoms or complaints - Trauma related
MSF,Mental health,MHPSS Baseline,Problems / symptoms,Current symptoms or complaints,Answer,4.4 Altered arousal / hypervigilance,فرط اليقظة / استجابة إجفالية شديدة,907,06a3663d-f7c7-451d-a2e5-1daedfa7abb5,,,Current symptoms or complaints - Trauma related
MSF,Mental health,MHPSS Baseline,Problems / symptoms,Current symptoms or complaints,Answer,4.5 Trauma-related hallucinations,هلوسات مرتبطة بالصدمة (سماع أصوات مرتبطة بالحادث المسبب للصدمة، رؤية الموتى، أو أي تعبير خاص – ثقافياً – على الاضطراب),1398,e5f10e57-9d21-4d27-b2c9-e03aa535b76a,,,Current symptoms or complaints - Trauma related
MSF,Mental health,MHPSS Baseline,Problems / symptoms,Current symptoms or complaints,Answer,4.6 Regression behavior,توقف الطفل عن الكلام,3218,96eca5fb-417d-4fdb-ab32-e701eb0f8e21,,,Current symptoms or complaints - Trauma related
MSF,Mental health,MHPSS Baseline,Problems / symptoms,Current symptoms or complaints,Answer,4.7 Dissociation,,1393,4af5624d-d62b-462d-9ec0-b2e4d65e641f,,,Current symptoms or complaints - Trauma related
MSF,Mental health,MHPSS Baseline,Problems / symptoms,Current symptoms or complaints,Question,5. Psychosis related,5. متعلق بالذهان,823,612c130a-0ae9-4565-af09-b5437334c742,Coded,multiCheckbox,Current symptoms or complaints - Psychosis related
MSF,Mental health,MHPSS Baseline,Problems / symptoms,Current symptoms or complaints,Answer,5.1 Delusions (false beliefs),أوهام (معتقدات خاطئة),497,452fa7bf-ea9a-4057-bf15-bbc6c52284d4,,,Current symptoms or complaints - Psychosis related
MSF,Mental health,MHPSS Baseline,Problems / symptoms,Current symptoms or complaints,Answer,5.2 Visual hallucinations,هلوسات بصرية,3219,c841b5eb-e2d8-49c9-9f1b-43944d9980e6,,,Current symptoms or complaints - Psychosis related
MSF,Mental health,MHPSS Baseline,Problems / symptoms,Current symptoms or complaints,Answer,5.3 Auditory hallucinations,هلوسات سمعية,3220,3a687fa3-ac74-4d99-a7eb-f92fbcfab3c1,,,Current symptoms or complaints - Psychosis related
MSF,Mental health,MHPSS Baseline,Problems / symptoms,Current symptoms or complaints,Answer,5.4 Disorganized thought /speech,تشتت الأفكار / الكلام,903,dfaf113c-72f2-4865-81c9-31aba9e95a74,,,Current symptoms or complaints - Psychosis related
MSF,Mental health,MHPSS Baseline,Problems / symptoms,Current symptoms or complaints,Answer,5.5 Bizarre behavior,سلوكيات غريبة,464,8a91cfc0-271e-48f4-a5f3-4dcbfa0dd26f,,,Current symptoms or complaints - Psychosis related
MSF,Mental health,MHPSS Baseline,Problems / symptoms,Current symptoms or complaints,Answer,5.6 Psychotic agitation,شعور ذهاني بالضيق,3221,cda4f471-1da9-4192-8f26-ecec35775d5a,,,Current symptoms or complaints - Psychosis related
MSF,Mental health,MHPSS Baseline,Problems / symptoms,Current symptoms or complaints,Question,6. Neurocognitive problems,6. مشاكل الإدراك العصبي,825,a5b552b6-44db-42f1-a436-6f2f12de471e,Coded,multiCheckbox,Current symptoms or complaints - Neurocognitive problems
MSF,Mental health,MHPSS Baseline,Problems / symptoms,Current symptoms or complaints,Answer,6.1 Problems with concentration memory or reasoning,مشاكل في التركيز، أو التذكر، أو التفكير,1403,44274d50-bb85-4f20-9b55-d08f60343c38,,,Current symptoms or complaints - Neurocognitive problems
MSF,Mental health,MHPSS Baseline,Problems / symptoms,Current symptoms or complaints,Answer,6.2 Delayed development (milestones),تأخر في التطور (المحطات الإنجازية),537,66e446ee-8f82-4f2a-808f-00d664ac92de,,,Current symptoms or complaints - Neurocognitive problems
MSF,Mental health,MHPSS Baseline,Problems / symptoms,Current symptoms or complaints,Answer,6.3 Abnormal social interaction and communication,تواصل اجتماعي غير طبيعي,3225,08e5f461-0f71-4d23-95a0-1e4ae3d141ab,,,Current symptoms or complaints - Neurocognitive problems
MSF,Mental health,MHPSS Baseline,Problems / symptoms,Current symptoms or complaints,Answer,6.4 Learning difficulties,صعوبات في التعلم,3222,9240ed56-8ba2-4ef2-b42f-e84179fcc333,,,Current symptoms or complaints - Neurocognitive problems
MSF,Mental health,MHPSS Baseline,Problems / symptoms,Current symptoms or complaints,Answer,6.5 Epileptic seizures,نوبات صرعية,420,88f53582-4db7-4936-970d-7b6f685f0c68,,,Current symptoms or complaints - Neurocognitive problems
MSF,Mental health,MHPSS Baseline,Problems / symptoms,Current symptoms or complaints,Question,7. Behavior problems,7. مشاكل سلوكية,889,5b271a75-d44b-466a-8baf-71153dc1895c,Coded,multiCheckbox,Current symptoms or complaints - Behavior problems
MSF,Mental health,MHPSS Baseline,Problems / symptoms,Current symptoms or complaints,Answer,7.1 Alcohol / substance abuse,تعاطي الكحول / العقاقير,2457,fcc01124-3d7b-4e6f-be35-50233a7f64cb,,,Current symptoms or complaints - Behavior problems
MSF,Mental health,MHPSS Baseline,Problems / symptoms,Current symptoms or complaints,Answer,7.2 Aggressiveness,العدائية او الهجومية,2877,977e8c6f-befa-4af3-87e1-1d29a57450c1,,,Current symptoms or complaints - Behavior problems
MSF,Mental health,MHPSS Baseline,Problems / symptoms,Current symptoms or complaints,Answer,7.3 Delinquent behavior,مشاكل سلوكية لدى الأطفال (عدائية أو هجومية / سلوك تدميري / سرقة / الكذب مراراً / خرق القواعد),890,1189fb28-8d79-4d69-a434-63fed6e0ea60,,,Current symptoms or complaints - Behavior problems
MSF,Mental health,MHPSS Baseline,Problems / symptoms,Current symptoms or complaints,Answer,7.4 Hypo- or hyperactivity,قلة او فرط النشاط,3226,520eccda-99f4-4cab-950b-260cfe3ab767,,,Current symptoms or complaints - Behavior problems
MSF,Mental health,MHPSS Baseline,Problems / symptoms,Current symptoms or complaints,Answer,7.5 Impulsivity,الاندفاعية,3223,12723e41-2955-4917-971c-7f05849412d7,,,Current symptoms or complaints - Behavior problems
MSF,Mental health,MHPSS Baseline,Problems / symptoms,Current symptoms or complaints,Answer,7.6 Regression in development,الارتكاس في التطور,901,c09cde65-4fa8-47bc-b795-06ccf0be1d8b,,,Current symptoms or complaints - Behavior problems
MSF,Mental health,MHPSS Baseline,Problems / symptoms,Current symptoms or complaints,Answer,7.7 Socio-interpersonal issues,الانعزال الاجتماعي (عزل النفس / مشاركة أقل في الأنشطة الاجتماعية),3224,07ff1a8a-2a0b-4e28-83ec-8c82f0681738,,,Current symptoms or complaints - Behavior problems
MSF,Mental health,MHPSS Baseline,Problems / symptoms,Current symptoms or complaints,Answer,7.8 Family attachment issues,,4034,eb71e89a-d808-40e6-a633-568176230ced,,,Current symptoms or complaints - Behavior problems
MSF,Mental health,MHPSS Baseline,Problems / symptoms,Current symptoms or complaints,Answer,7.9 Inappropriate sexual behavior,,4035,0c75b353-da72-4ddd-8898-6b49f16381ef,,,Current symptoms or complaints - Behavior problems
MSF,Mental health,MHPSS Baseline,Problems / symptoms,Current symptoms or complaints,Question,8. Other symptoms,8. أعراض أخرى,7,790b41ce-e1e7-11e8-b02f-0242ac130002,Coded,multiCheckbox,Current symptoms or complaints - Other symptoms
MSF,Mental health,MHPSS Baseline,Problems / symptoms,Current symptoms or complaints,Answer,8.1 Other,أخرى,7,790b41ce-e1e7-11e8-b02f-0242ac130002,,,Current symptoms or complaints - Other symptoms
MSF,Mental health,MHPSS Baseline,Problems / symptoms,Current symptoms or complaints,Question,"If other, specify",اذا أخرى، حدد,2563,e08d532b-e56c-43dc-b831-af705654d2dc,Text,text,
MSF,Mental health,MHPSS Baseline,Problems / symptoms,"Select the main problems prioritized as 1, 2 and 3 from the lists",Question,Current symptoms or complaints 1,الأعراض أو الشكاوي الحالية 1,3180,45b39cbf-0fb2-4682-8544-8aaf3e07a744,Coded,radio,Current symptoms or complaints - MH
MSF,Mental health,MHPSS Baseline,Problems / symptoms,"Select the main problems prioritized as 1, 2 and 3 from the lists",Answer,1.1 Body pain and psychosomatic complaints,آلام أو شكاوي جسدية (وجع رأس، وجع ظهر، خفقان القلب، مشاكل تنفس أو هضم، إلخ.),3211,464c68b7-0fb0-495c-b931-0c1732b60397,,,Current symptoms or complaints - MH
MSF,Mental health,MHPSS Baseline,Problems / symptoms,"Select the main problems prioritized as 1, 2 and 3 from the lists",Answer,1.2 Eating problems,مشاكل في الأكل,1400,8cc7bf17-44f1-436e-9f0c-4ffed9fdd093,,,Current symptoms or complaints - MH
MSF,Mental health,MHPSS Baseline,Problems / symptoms,"Select the main problems prioritized as 1, 2 and 3 from the lists",Answer,1.3 Sleeping problems,مشاكل في النوم,526,42966954-f43f-4564-bc59-d9d133e53a75,,,Current symptoms or complaints - MH
MSF,Mental health,MHPSS Baseline,Problems / symptoms,"Select the main problems prioritized as 1, 2 and 3 from the lists",Answer,1.4 Elimination problems,التبول أثناء النوم / مشاكل في السلس,1396,a22392b2-c8dc-43b5-8f8a-b18a223f25f2,,,Current symptoms or complaints - MH
MSF,Mental health,MHPSS Baseline,Problems / symptoms,"Select the main problems prioritized as 1, 2 and 3 from the lists",Answer,1.5 Sexual problems,مشاكل جنسية,1401,3ba98736-982f-4d9c-a675-f83b180a9f28,,,Current symptoms or complaints - MH
MSF,Mental health,MHPSS Baseline,Problems / symptoms,"Select the main problems prioritized as 1, 2 and 3 from the lists",Answer,"1.6 Unexplained physical reaction (non-epileptic seizures, paralysis, unable to walk, unexplained fainting)",ردود فعل جسدية لا يمكن تفسيرها (اختلاجات غير صرعية، شلل، عدم القدرة على المشي، إغماء لا تفسير له),3212,28adad48-b45b-46a4-ae94-4cca6118047e,,,Current symptoms or complaints - MH
MSF,Mental health,MHPSS Baseline,Problems / symptoms,"Select the main problems prioritized as 1, 2 and 3 from the lists",Answer,2.1 Sad mood,مزاج حزين,1386,7f4699e5-e70a-49fb-bf34-c09afa867fdc,,,Current symptoms or complaints - MH
MSF,Mental health,MHPSS Baseline,Problems / symptoms,"Select the main problems prioritized as 1, 2 and 3 from the lists",Answer,2.2 Irritability / anger,سرعة الضيق / الغضب,1387,ab05b9a6-64ae-4ba3-9ff6-df15a424ffb0,,,Current symptoms or complaints - MH
MSF,Mental health,MHPSS Baseline,Problems / symptoms,"Select the main problems prioritized as 1, 2 and 3 from the lists",Answer,2.3 Loss of interest / anhedonia,فقدان الاهتمام,1389,51061bb9-6084-4bb3-b83b-5c234e45b09c,,,Current symptoms or complaints - MH
MSF,Mental health,MHPSS Baseline,Problems / symptoms,"Select the main problems prioritized as 1, 2 and 3 from the lists",Answer,2.4 Hopelessness,فقدان الامل,892,ec2bcaba-7349-4e74-8cbe-fe8bd2dbbc4f,,,Current symptoms or complaints - MH
MSF,Mental health,MHPSS Baseline,Problems / symptoms,"Select the main problems prioritized as 1, 2 and 3 from the lists",Answer,2.5 Guilt/self-blame/low esteem,الشعور بالذنب / لوم الذات / الشعور بانعدام القيمة,3213,e8166325-9ddc-4739-9452-da63ee7862d2,,,Current symptoms or complaints - MH
MSF,Mental health,MHPSS Baseline,Problems / symptoms,"Select the main problems prioritized as 1, 2 and 3 from the lists",Answer,2.6 Current suicidal thoughts,أفكار انتحارية مؤخرا,1390,4f8f7343-f191-4483-bcf9-c60027a6eca8,,,Current symptoms or complaints - MH
MSF,Mental health,MHPSS Baseline,Problems / symptoms,"Select the main problems prioritized as 1, 2 and 3 from the lists",Answer,2.7 Suicidal attempt,محاولات انتحارية مؤخرا,3214,ad5c4c92-ae7d-442f-b360-5b8e7c1cbeca,,,Current symptoms or complaints - MH
MSF,Mental health,MHPSS Baseline,Problems / symptoms,"Select the main problems prioritized as 1, 2 and 3 from the lists",Answer,2.8 Self-harm,أذية للذات مؤخراً,3215,003b425a-d8c3-47ed-bbde-45a7c180c0a4,,,Current symptoms or complaints - MH
MSF,Mental health,MHPSS Baseline,Problems / symptoms,"Select the main problems prioritized as 1, 2 and 3 from the lists",Answer,2.9 Changes in appetite,تغير في الشهية,3216,ce47585c-fa23-4de3-9e3a-97f5eb309e72,,,Current symptoms or complaints - MH
MSF,Mental health,MHPSS Baseline,Problems / symptoms,"Select the main problems prioritized as 1, 2 and 3 from the lists",Answer,3.1 Anxiety / stress,شعور دائم بالضغط,3217,92d3cabc-e64c-4788-8d6b-e6e06f0b18fd,,,Current symptoms or complaints - MH
MSF,Mental health,MHPSS Baseline,Problems / symptoms,"Select the main problems prioritized as 1, 2 and 3 from the lists",Answer,3.2 Constant worry,شعور دائم بالقلق,893,ebb4fe74-35df-4a6e-bd2a-3c3e9912e9bb,,,Current symptoms or complaints - MH
MSF,Mental health,MHPSS Baseline,Problems / symptoms,"Select the main problems prioritized as 1, 2 and 3 from the lists",Answer,3.3 Intense fear / phobia / feeling threatened,خوف شديد / خوف مرضي / الشعور بالتهديد,894,ae1ab702-fa58-4648-95e4-acca5c9078f7,,,Current symptoms or complaints - MH
MSF,Mental health,MHPSS Baseline,Problems / symptoms,"Select the main problems prioritized as 1, 2 and 3 from the lists",Answer,3.4 Panic attack,نوبة ذعر (خوف شديد ومفاجئ مع أعراض جسدية مثل ألم الصدر),1634,473f0ea3-92e5-4a99-bbe0-358e371355ee,,,Current symptoms or complaints - MH
MSF,Mental health,MHPSS Baseline,Problems / symptoms,"Select the main problems prioritized as 1, 2 and 3 from the lists",Answer,3.5 Compulsive or repetitive behavior,سلوك وسواسي أو متكرر,1392,4fa8e185-3ce6-4bbf-92c4-12e069dc9631,,,Current symptoms or complaints - MH
MSF,Mental health,MHPSS Baseline,Problems / symptoms,"Select the main problems prioritized as 1, 2 and 3 from the lists",Answer,"4.1 Intrusive feelings, thoughts",أفكار تطفلية أو اقتحامية,897,ecf185bf-e3a3-4c46-948b-13dd0ddd1487,,,Current symptoms or complaints - MH
MSF,Mental health,MHPSS Baseline,Problems / symptoms,"Select the main problems prioritized as 1, 2 and 3 from the lists",Answer,4.2 Flashbacks/nightmares,ومضات من الماضي,1394,c60a75c9-2ee9-4fb2-af53-6d730e45f074,,,Current symptoms or complaints - MH
MSF,Mental health,MHPSS Baseline,Problems / symptoms,"Select the main problems prioritized as 1, 2 and 3 from the lists",Answer,4.3 Avoidance,تجنب المحفزات المرتبطة بالصدمة,898,94083de5-2603-4b26-a6d8-ec4459f9eced,,,Current symptoms or complaints - MH
MSF,Mental health,MHPSS Baseline,Problems / symptoms,"Select the main problems prioritized as 1, 2 and 3 from the lists",Answer,4.4 Altered arousal / hypervigilance,فرط اليقظة / استجابة إجفالية شديدة,907,06a3663d-f7c7-451d-a2e5-1daedfa7abb5,,,Current symptoms or complaints - MH
MSF,Mental health,MHPSS Baseline,Problems / symptoms,"Select the main problems prioritized as 1, 2 and 3 from the lists",Answer,4.5 Trauma-related hallucinations,هلوسات مرتبطة بالصدمة (سماع أصوات مرتبطة بالحادث المسبب للصدمة، رؤية الموتى، أو أي تعبير خاص – ثقافياً – على الاضطراب),1398,e5f10e57-9d21-4d27-b2c9-e03aa535b76a,,,Current symptoms or complaints - MH
MSF,Mental health,MHPSS Baseline,Problems / symptoms,"Select the main problems prioritized as 1, 2 and 3 from the lists",Answer,4.6 Regression behavior,توقف الطفل عن الكلام,3218,96eca5fb-417d-4fdb-ab32-e701eb0f8e21,,,Current symptoms or complaints - MH
MSF,Mental health,MHPSS Baseline,Problems / symptoms,"Select the main problems prioritized as 1, 2 and 3 from the lists",Answer,4.7 Dissociation,,1393,4af5624d-d62b-462d-9ec0-b2e4d65e641f,,,Current symptoms or complaints - MH
MSF,Mental health,MHPSS Baseline,Problems / symptoms,"Select the main problems prioritized as 1, 2 and 3 from the lists",Answer,5.1 Delusions,أوهام (معتقدات خاطئة),497,452fa7bf-ea9a-4057-bf15-bbc6c52284d4,,,Current symptoms or complaints - MH
MSF,Mental health,MHPSS Baseline,Problems / symptoms,"Select the main problems prioritized as 1, 2 and 3 from the lists",Answer,5.2 Visual hallucinations,هلوسات بصرية,3219,c841b5eb-e2d8-49c9-9f1b-43944d9980e6,,,Current symptoms or complaints - MH
MSF,Mental health,MHPSS Baseline,Problems / symptoms,"Select the main problems prioritized as 1, 2 and 3 from the lists",Answer,5.3 Auditory hallucinations,هلوسات سمعية,3220,3a687fa3-ac74-4d99-a7eb-f92fbcfab3c1,,,Current symptoms or complaints - MH
MSF,Mental health,MHPSS Baseline,Problems / symptoms,"Select the main problems prioritized as 1, 2 and 3 from the lists",Answer,5.4 Disorganized thought /speech,تشتت الأفكار / الكلام,903,dfaf113c-72f2-4865-81c9-31aba9e95a74,,,Current symptoms or complaints - MH
MSF,Mental health,MHPSS Baseline,Problems / symptoms,"Select the main problems prioritized as 1, 2 and 3 from the lists",Answer,5.5 Bizarre behavior,سلوكيات غريبة,464,8a91cfc0-271e-48f4-a5f3-4dcbfa0dd26f,,,Current symptoms or complaints - MH
MSF,Mental health,MHPSS Baseline,Problems / symptoms,"Select the main problems prioritized as 1, 2 and 3 from the lists",Answer,5.6 Psychotic agitation,شعور ذهاني بالضيق,3221,cda4f471-1da9-4192-8f26-ecec35775d5a,,,Current symptoms or complaints - MH
MSF,Mental health,MHPSS Baseline,Problems / symptoms,"Select the main problems prioritized as 1, 2 and 3 from the lists",Answer,"6.1 Problems with concentration, memory or reasoning",مشاكل في التركيز، أو التذكر، أو التفكير,1403,44274d50-bb85-4f20-9b55-d08f60343c38,,,Current symptoms or complaints - MH
MSF,Mental health,MHPSS Baseline,Problems / symptoms,"Select the main problems prioritized as 1, 2 and 3 from the lists",Answer,6.2 Delayed development (milestones),تأخر في التطور (المحطات الإنجازية),537,66e446ee-8f82-4f2a-808f-00d664ac92de,,,Current symptoms or complaints - MH
MSF,Mental health,MHPSS Baseline,Problems / symptoms,"Select the main problems prioritized as 1, 2 and 3 from the lists",Answer,6.3 Abnormal social interaction and communication,تواصل اجتماعي غير طبيعي,3225,08e5f461-0f71-4d23-95a0-1e4ae3d141ab,,,Current symptoms or complaints - MH
MSF,Mental health,MHPSS Baseline,Problems / symptoms,"Select the main problems prioritized as 1, 2 and 3 from the lists",Answer,6.4 Learning difficulties,صعوبات في التعلم,3222,9240ed56-8ba2-4ef2-b42f-e84179fcc333,,,Current symptoms or complaints - MH
MSF,Mental health,MHPSS Baseline,Problems / symptoms,"Select the main problems prioritized as 1, 2 and 3 from the lists",Answer,6.5 Epileptic seizures,نوبات صرعية,420,88f53582-4db7-4936-970d-7b6f685f0c68,,,Current symptoms or complaints - MH
MSF,Mental health,MHPSS Baseline,Problems / symptoms,"Select the main problems prioritized as 1, 2 and 3 from the lists",Answer,7.1 Alcohol / substance abuse,تعاطي الكحول / العقاقير,2457,fcc01124-3d7b-4e6f-be35-50233a7f64cb,,,Current symptoms or complaints - MH
MSF,Mental health,MHPSS Baseline,Problems / symptoms,"Select the main problems prioritized as 1, 2 and 3 from the lists",Answer,7.2 Aggressiveness,العدائية او الهجومية,2877,977e8c6f-befa-4af3-87e1-1d29a57450c1,,,Current symptoms or complaints - MH
MSF,Mental health,MHPSS Baseline,Problems / symptoms,"Select the main problems prioritized as 1, 2 and 3 from the lists",Answer,7.3 Delinquent behavior,مشاكل سلوكية لدى الأطفال (عدائية أو هجومية / سلوك تدميري / سرقة / الكذب مراراً / خرق القواعد),890,1189fb28-8d79-4d69-a434-63fed6e0ea60,,,Current symptoms or complaints - MH
MSF,Mental health,MHPSS Baseline,Problems / symptoms,"Select the main problems prioritized as 1, 2 and 3 from the lists",Answer,7.4 Hypo- or hyperactivity,قلة او فرط النشاط,3226,520eccda-99f4-4cab-950b-260cfe3ab767,,,Current symptoms or complaints - MH
MSF,Mental health,MHPSS Baseline,Problems / symptoms,"Select the main problems prioritized as 1, 2 and 3 from the lists",Answer,7.5 Impulsivity,الاندفاعية,3223,12723e41-2955-4917-971c-7f05849412d7,,,Current symptoms or complaints - MH
MSF,Mental health,MHPSS Baseline,Problems / symptoms,"Select the main problems prioritized as 1, 2 and 3 from the lists",Answer,7.6 Regression in development,الارتكاس في التطور,901,c09cde65-4fa8-47bc-b795-06ccf0be1d8b,,,Current symptoms or complaints - MH
MSF,Mental health,MHPSS Baseline,Problems / symptoms,"Select the main problems prioritized as 1, 2 and 3 from the lists",Answer,7.7 Socio-interpersonal issues,الانعزال الاجتماعي (عزل النفس / مشاركة أقل في الأنشطة الاجتماعية),3224,07ff1a8a-2a0b-4e28-83ec-8c82f0681738,,,Current symptoms or complaints - MH
MSF,Mental health,MHPSS Baseline,Problems / symptoms,"Select the main problems prioritized as 1, 2 and 3 from the lists",Answer,7.8 Family attachment issues,,4034,eb71e89a-d808-40e6-a633-568176230ced,,,Current symptoms or complaints - MH
MSF,Mental health,MHPSS Baseline,Problems / symptoms,"Select the main problems prioritized as 1, 2 and 3 from the lists",Answer,7.9 Inappropriate sexual behavior,,4035,0c75b353-da72-4ddd-8898-6b49f16381ef,,,Current symptoms or complaints - MH
MSF,Mental health,MHPSS Baseline,Problems / symptoms,"Select the main problems prioritized as 1, 2 and 3 from the lists",Answer,8.1 Other,أخرى,7,790b41ce-e1e7-11e8-b02f-0242ac130002,,,Current symptoms or complaints - MH
MSF,Mental health,MHPSS Baseline,Problems / symptoms,"Select the main problems prioritized as 1, 2 and 3 from the lists",Question,Current symptoms or complaints 2,الأعراض أو الشكاوي الحالية 2,3181,ee1b7973-e931-494e-a9cb-22b814b4d8ed,Coded,radio,Current symptoms or complaints - MH
MSF,Mental health,MHPSS Baseline,Problems / symptoms,"Select the main problems prioritized as 1, 2 and 3 from the lists",Question,Current symptoms or complaints 3,الأعراض أو الشكاوي الحالية 3,3182,92a92f62-3ff6-4944-9ea9-a7af23949bad,Coded,radio,Current symptoms or complaints - MH
MSF,Mental health,MHPSS Baseline,Problems / symptoms,Current MH condition,Question,Main syndrome,المتلازمة الرئيسية,815,9a8204ca-d908-4157-9285-7c970dbb5287,Coded,radio,Main category of symptoms - MH
MSF,Mental health,MHPSS Baseline,Problems / symptoms,Current MH condition,Answer,1. Psychosomatic,نفسية جسدية,824,c899d33a-adde-4c70-ad65-2326b8843e3b,,,Main category of symptoms - MH
MSF,Mental health,MHPSS Baseline,Problems / symptoms,Current MH condition,Answer,2. Depression related,1رتبطة بالاكتئاب,1298,7bb9a0b0-ca7e-4cd0-84ba-a5f18811dacd,,,Main category of symptoms - MH
MSF,Mental health,MHPSS Baseline,Problems / symptoms,Current MH condition,Answer,3. Anxiety related,2مرتبطة بالقلق,819,241b3278-3803-478b-8484-70e2b17e5543,,,Main category of symptoms - MH
MSF,Mental health,MHPSS Baseline,Problems / symptoms,Current MH condition,Answer,4. Trauma related,3مرتبطة بالصدمة,820,3a0c003c-9149-4a5f-a236-ed5d61231950,,,Main category of symptoms - MH
MSF,Mental health,MHPSS Baseline,Problems / symptoms,Current MH condition,Answer,5. Psychosis related,4مرتبطة بالذهان,823,612c130a-0ae9-4565-af09-b5437334c742,,,Main category of symptoms - MH
MSF,Mental health,MHPSS Baseline,Problems / symptoms,Current MH condition,Answer,6. Neurocognitive problems,5مشاكل عصبية إدراكية,825,a5b552b6-44db-42f1-a436-6f2f12de471e,,,Main category of symptoms - MH
MSF,Mental health,MHPSS Baseline,Problems / symptoms,Current MH condition,Answer,7. Behavioral problems,6مشاكل في السلوكيات,889,5b271a75-d44b-466a-8baf-71153dc1895c,,,Main category of symptoms - MH
MSF,Mental health,MHPSS Baseline,Problems / symptoms,Current MH condition,Answer,8. Other symptoms,7اعراض اخرى,7,790b41ce-e1e7-11e8-b02f-0242ac130002,,,Main category of symptoms - MH
MSF,Mental health,MHPSS Baseline,Problems / symptoms,Current MH condition,Question,Duration of the main symptom,مدة الاعراض الرئيسية,3238,3edcfddb-7988-4ce5-97a0-d4c46b267a04,Coded,radio,Duration of the main symptom - MH
MSF,Mental health,MHPSS Baseline,Problems / symptoms,Current MH condition,Answer,1 - 7 days,أيام ١-٣,4112,c3b5834e-6683-4972-b92b-8335ef7f61bd,,,Duration of the main symptom - MH
MSF,Mental health,MHPSS Baseline,Problems / symptoms,Current MH condition,Answer,1 - 4 weeks,أسابيع ١-٤,3245,d5ea3587-be05-4b66-809c-3c63481300b3,,,Duration of the main symptom - MH
MSF,Mental health,MHPSS Baseline,Problems / symptoms,Current MH condition,Answer,1 - 3 months,أشهر ١-٦,4043,e417a528-0c5d-4191-8f30-af19d725e3c7,,,Duration of the main symptom - MH
MSF,Mental health,MHPSS Baseline,Problems / symptoms,Current MH condition,Answer,4 - 12 months,أيام ٤-٦,4054,0b783522-348b-462e-b962-772af98bcc92,,,Duration of the main symptom - MH
MSF,Mental health,MHPSS Baseline,Problems / symptoms,Current MH condition,Answer,6 - 12 months,أشهر ٦-١٢,3247,f9c40a2d-7e94-418b-b222-e73959845e4d,,,Duration of the main symptom - MH
MSF,Mental health,MHPSS Baseline,Problems / symptoms,Current MH condition,Answer,> 1 year,أكثر من سنة,3248,f7ae6f81-0dcf-4316-9706-26d96a8d9c1e,,,Duration of the main symptom - MH
MSF,Mental health,MHPSS Baseline,Problems / symptoms,Current MH condition,Question,Overall MH condition,الصحة النفسية بشكل عام,3242,ddf9cb24-f51a-485f-b059-76f307bf468f,Text,textarea,
MSF,Mental health,MHPSS Baseline,Problems / symptoms,Current MH condition,Question,Relevant details of the events/risk factors linked to the motive consultation / current MH status,التفاصيل ذات الصلة بالأحداث/عوامل الخطر المرتبطة بدافع الاستشارة/الوضع الحالي للصحة النفسية,3241,4c9228b2-4ba2-4edb-8daf-31a824e5fa9a,Text,textarea,
MSF,Mental health,MHPSS Baseline,Problems / symptoms,History of Mental Disorder,Question,What was the diagnosis,ماذا كان التشخيص,1364,22809b19-54ca-4d88-8d26-9577637c184e,Text,text,Clinical diagnosis - MH
MSF,Mental health,MHPSS Baseline,Problems / symptoms,History of Mental Disorder,Answer,Acute stress disorder,اضطراب الكرب الحاد,506,a2f8295b-1259-481f-8ef3-34e213b7b4d6,,,Clinical diagnosis - MH
MSF,Mental health,MHPSS Baseline,Problems / symptoms,History of Mental Disorder,Answer,Bereavement/grief,الفجيعة / الأسى,3186,7d486d0c-0e2b-475d-8e17-07296cc624b9,,,Clinical diagnosis - MH
MSF,Mental health,MHPSS Baseline,Problems / symptoms,History of Mental Disorder,Answer,Post-Traumatic Stress Disorder,اضطراب الكرب التالي للصدمة النفسية,291,ec7a63e8-5d0b-4dcf-8f72-7529c1df699a,,,Clinical diagnosis - MH
MSF,Mental health,MHPSS Baseline,Problems / symptoms,History of Mental Disorder,Answer,Conversion/Dissociative reaction,اضطراب التحويل,457,58881584-4f0e-4cf3-b2bf-d9f0898ae106,,,Clinical diagnosis - MH
MSF,Mental health,MHPSS Baseline,Problems / symptoms,History of Mental Disorder,Answer,Anxiety Disorder,اضطراب القلق,102,2564bdee-c24c-4d96-903e-d44010f2a8ec,,,Clinical diagnosis - MH
MSF,Mental health,MHPSS Baseline,Problems / symptoms,History of Mental Disorder,Answer,Medically Unexplained Physical Symptoms (MUPS),عراض طبية من دون أسباب جسدية,3187,9df01581-6135-4876-8fb8-cbaaa522064e,,,Clinical diagnosis - MH
MSF,Mental health,MHPSS Baseline,Problems / symptoms,History of Mental Disorder,Answer,Enuresis / Encopresis,سلس البراز / البول,1396,a22392b2-c8dc-43b5-8f8a-b18a223f25f2,,,Clinical diagnosis - MH
MSF,Mental health,MHPSS Baseline,Problems / symptoms,History of Mental Disorder,Answer,Depression,لاكتئاب,160,2066f043-2f21-4c19-8c04-77301d7404f9,,,Clinical diagnosis - MH
MSF,Mental health,MHPSS Baseline,Problems / symptoms,History of Mental Disorder,Answer,Self-harming behavior/suicide attempt,سلوك مؤذي للنفس / محاولة انتحار,1391,b27187bd-e94a-4dbc-9a77-46c0cefad25a,,,Clinical diagnosis - MH
MSF,Mental health,MHPSS Baseline,Problems / symptoms,History of Mental Disorder,Answer,Bipolar disorder (incl. mania),اضطراب ثنائي القطب(يشمل الهوس),448,1ba02bf8-6bbe-46a6-baff-d18b5c9f6425,,,Clinical diagnosis - MH
MSF,Mental health,MHPSS Baseline,Problems / symptoms,History of Mental Disorder,Answer,Acute psychosis (incl. post-partum psychosis),ذهان حاد (يشمل ذهان ما بعد الإنجاب),446,b33dac1c-b0c0-4fcd-b639-661bb6678924,,,Clinical diagnosis - MH
MSF,Mental health,MHPSS Baseline,Problems / symptoms,History of Mental Disorder,Answer,"Developmental disorder (incl. intellectual disability, autism)",اضطراب نمو (يشمل الإعاقة الذهنية والتوحد),500,63f73696-3d7c-4dc5-8c16-5382c20c3f9f,,,Clinical diagnosis - MH
MSF,Mental health,MHPSS Baseline,Problems / symptoms,History of Mental Disorder,Answer,"Childhood behavioral disorder (incl. ADHD, conduct disorder)",اضطراب سلوكي لدى الطفل (يشمل اضطراب نقص الانتباه مع فرط النشاط، واضطراب المسلك),890,1189fb28-8d79-4d69-a434-63fed6e0ea60,,,Clinical diagnosis - MH
MSF,Mental health,MHPSS Baseline,Problems / symptoms,History of Mental Disorder,Answer,Childhood emotional disorder,اضطراب عاطفي لدى الطفل,505,52d85e63-b238-4161-985c-97f75ad80c9a,,,Clinical diagnosis - MH
MSF,Mental health,MHPSS Baseline,Problems / symptoms,History of Mental Disorder,Answer,Substance-related disorder,اضطراب ذو صلة بالعقاقير,2457,fcc01124-3d7b-4e6f-be35-50233a7f64cb,,,Clinical diagnosis - MH
MSF,Mental health,MHPSS Baseline,Problems / symptoms,History of Mental Disorder,Answer,Epilepsy / seizures,صرع/نوبات صرعية,420,88f53582-4db7-4936-970d-7b6f685f0c68,,,Clinical diagnosis - MH
MSF,Mental health,MHPSS Baseline,Problems / symptoms,History of Mental Disorder,Answer,Other disorder,نوع آخر من الأمراض,7,790b41ce-e1e7-11e8-b02f-0242ac130002,,,Clinical diagnosis - MH
MSF,Mental health,MHPSS Baseline,Problems / symptoms,History of Mental Disorder,Answer,No diagnosis,لا يوجد تشخيص,1630,dc77c73a-5ce5-4aac-821e-81f19f81b65f,,,Clinical diagnosis - MH
MSF,Mental health,MHPSS Baseline,Problems / symptoms,History of Mental Disorder,Question,Was the patient prescribed psychotropic medication?,هل تم وصف علاج ذهاني للمريض,3844,92be5b5d-b6ef-43ba-9230-3c80d6db300f,Coded,radio,Medication prescribed - MH
MSF,Mental health,MHPSS Baseline,Problems / symptoms,History of Mental Disorder,Answer,Never,,1478,325f6695-deb3-4472-a9f4-69905efcdce4,,,Medication prescribed - MH
MSF,Mental health,MHPSS Baseline,Problems / symptoms,History of Mental Disorder,Answer,Previously,,4072,2d5122f8-24bb-4bce-ab18-9c1e9d224b3c,,,Medication prescribed - MH
MSF,Mental health,MHPSS Baseline,Problems / symptoms,History of Mental Disorder,Answer,"Yes, currently",,1477,53eaf1b5-6ff7-498f-b95c-7ce3f116f181,,,Medication prescribed - MH
MSF,Mental health,MHPSS Baseline,Risk factors,Consider referral to mhGAP/psychologist,Question,Does the patient have a current suicidal risk?,هل لدى المريض مخاطر انتحارية حالية؟,3845,3dceead1-70d5-4030-b8f3-bda3938af08d,Coded,radio,Yes-no
MSF,Mental health,MHPSS Baseline,Risk factors,Consider referral to mhGAP/psychologist,Answer,Yes,نعم,931,681cf0bc-5213-492a-8470-0a0b3cc324dd,,,Yes-no
MSF,Mental health,MHPSS Baseline,Risk factors,Consider referral to mhGAP/psychologist,Answer,No,لا,930,a5c5563e-df0e-4742-a335-b24fb63664ee,,,Yes-no
MSF,Mental health,MHPSS Baseline,Risk factors,Consider referral to mhGAP/psychologist,Question,Does the patient present a risk of harming others?,هل يعتبر المريض خطرا على الاخرين؟,3271,ccc4f06c-b76a-440d-9b7e-c48ba2c4a0ab,Coded,radio,Yes-no
MSF,Mental health,MHPSS Baseline,Resilience and coping,Resilience and coping,Question,Coping strategies already used by the patient to address the main problem(s)/complaint(s),استراتيجيات التكيف التي يستخدمها المريض بالفعل لمعالجة المشكلة (المشاكل )/الشكوى (الشكاوى) الرئيسية:,3846,3f95778c-7746-424e-aaeb-41f4478678f2,Text,text,
MSF,Mental health,MHPSS Baseline,Scores,MHOS - In the past week:,Question,"Did you have problems performing daily activities, such as cooking, bathing, or chores outside the household?","هل واجهت أي مشاكل عند اداء نشاطاتك اليومية, مثلا عند الطبخ, الاستحمام, او اداء المهام خارج المنزل؟",3250,b5c4b6d2-c880-43c5-a250-8fe09c9e394c,Coded,radio,MHOS
MSF,Mental health,MHPSS Baseline,Scores,MHOS - In the past week:,Answer,Not at all (1 point),كلا على الاطلاق,976,ed0e2463-c990-4341-b095-53b899707af9,,,MHOS
MSF,Mental health,MHPSS Baseline,Scores,MHOS - In the past week:,Answer,A little (2 points),قليلا,3061,f6a5ea2d-fc7d-4e9e-8dfd-dbbea05cd9a0,,,MHOS
MSF,Mental health,MHPSS Baseline,Scores,MHOS - In the past week:,Answer,Some (3 points),بعض,3249,edf347b1-ee57-4d8f-babb-97acca20c3cb,,,MHOS
MSF,Mental health,MHPSS Baseline,Scores,MHOS - In the past week:,Answer,Fair amount (4 points),كمية جيدة,3060,de7fa192-bf2e-4991-a81f-582c4b50ae51,,,MHOS
MSF,Mental health,MHPSS Baseline,Scores,MHOS - In the past week:,Answer,A lot (5 points),كثيرا,3062,0f074510-1ff6-4924-bfef-effdcffd44f8,,,MHOS
MSF,Mental health,MHPSS Baseline,Scores,MHOS - In the past week:,Question,Did you have problems getting along with family or friends?,هل واجهت مشاكل في التوافق مع العائلة أو الأصدقاء؟,3251,b8968e50-436f-444e-8ab6-4b707fab090c,Coded,radio,MHOS
MSF,Mental health,MHPSS Baseline,Scores,MHOS - In the past week:,Question,"Did you have any problems sleeping, such as sleeping too much or not enough?","هل واجهت أي مشاكل بالنوم, مثلا نوم بشكل كثير او عدم النوم بشكل كافي؟",3252,f44f52dd-6eda-4ca5-8375-61164bff5a32,Coded,radio,MHOS
MSF,Mental health,MHPSS Baseline,Scores,MHOS - In the past week:,Question,Have you felt sad or nervous?,هل شعرت بالحزن او التوتر؟,3254,79d37985-b959-49c2-a7b8-7fe1618d641b,Coded,radio,MHOS
MSF,Mental health,MHPSS Baseline,Scores,MHOS - In the past week:,Question,Have you been suffering?,هل كنت تعاني؟,3255,802f0ec2-169f-41b7-ae83-2e8f2fc86e3a,Coded,radio,MHOS
MSF,Mental health,MHPSS Baseline,Scores,MHOS - In the past week:,Question,"In general, in the past week, how well has the child been feeling?","بشكل عام, بالأسبوع الماضي, كيف كان يشعر الطفل؟",3658,5ef0f180-b7b1-48d7-8be1-4508238afa05,Coded,radio,MHOS - Children
MSF,Mental health,MHPSS Baseline,Scores,MHOS - In the past week:,Answer,Very good (1 point),جيد جدا,3812,7c19766f-4dbd-4a7d-8939-00533fab8829,,,MHOS - Children
MSF,Mental health,MHPSS Baseline,Scores,MHOS - In the past week:,Answer,Good (2 point),جيد,3811,2e5c4d54-f36f-4358-8a5c-2c210471c699,,,MHOS - Children
MSF,Mental health,MHPSS Baseline,Scores,MHOS - In the past week:,Answer,Ok (3 point),حسن,3813,5783e6cb-de48-483a-a589-85cb220e7cde,,,MHOS - Children
MSF,Mental health,MHPSS Baseline,Scores,MHOS - In the past week:,Answer,Bad (4 point),سيء,3815,c8fc45f0-b5cc-40a1-87c4-486c0cf0603f,,,MHOS - Children
MSF,Mental health,MHPSS Baseline,Scores,MHOS - In the past week:,Answer,Very bad (5 point),سيء جدا,3816,32ff796a-adc9-4d37-800f-fff542bce55f,,,MHOS - Children
MSF,Mental health,MHPSS Baseline,Scores,MHOS - In the past week:,Question,"Did the child have problems playing, doing chores, homework or other day to day activities?","هل واجه الطفل مشاكل باللعب, القيام بالمهام, اداء الواجبات او أي فعالية اخرى يومية؟",3659,9908cd74-1507-40b9-99ce-05c9d4044b35,Coded,radio,MHOS
MSF,Mental health,MHPSS Baseline,Scores,MHOS - In the past week:,Question,Did the child have problems getting along with others?,هل واجه الطفل مشاكل بالتوافق مع الاخرين؟,3660,c7c57a7e-22ac-4841-a3ff-ab92f092d7ca,Coded,radio,MHOS
MSF,Mental health,MHPSS Baseline,Scores,MHOS - In the past week:,Question,"Did the child have problems paying attention, understanding or remembering things?","هل واجه الطفل مشاكل بالانتباه, الفهم او تذكر الاشياء؟",3661,3c0fdd75-9891-4df1-b470-99f7aa3c3708,Coded,radio,MHOS
MSF,Mental health,MHPSS Baseline,Scores,MHOS - In the past week:,Question,"Did the child have problems with his appetite, such as having too little or too much hunger?","هل واجه الطفل مشاكل بالشهية, كالأكل القليل جدا او الجوع الشديد؟",3662,a6ee4861-87e9-405b-aa60-6e7e4a4a5bfc,Coded,radio,MHOS
MSF,Mental health,MHPSS Baseline,Scores,MHOS - In the past week:,Question,"Did the child have problem sleeping, such as sleeping too much or not enough?","هل واجه الطفل مشاكل بالنوم, مثلا النوم الكثير او عدم النوم بشكل كافي؟",3663,98ed6527-a772-4516-bd46-ce85b710f9a1,Coded,radio,MHOS
MSF,Mental health,MHPSS Baseline,Scores,MHOS - In the past week:,Question,Did the child complain about pain or discomfort with his/her body?,هل اشتكى الطفل عن الم او عدم ارتياح بجسده\ها؟,3664,07fd69f0-2db2-4a1b-ae2d-0932a19ee757,Coded,radio,MHOS
MSF,Mental health,MHPSS Baseline,Scores,MHOS - In the past week:,Question,Did the child behave poorly?,هل تصرف الطفل بشكل سيء؟,3665,519df50f-395c-47fe-a302-52d9417bb22a,Coded,radio,MHOS
MSF,Mental health,MHPSS Baseline,Scores,MHOS - In the past week:,Question,Did the child seek comfort and closeness from someone?,هل طلب الطفل الراحة والقرب من شخص ما؟,3666,64bd0551-fca4-44de-bea9-25f8a53ff732,Coded,radio,MHOS - special
MSF,Mental health,MHPSS Baseline,Scores,MHOS - In the past week:,Answer,Not at all (-1 point),,976,ed0e2463-c990-4341-b095-53b899707af9,,,MHOS - special
MSF,Mental health,MHPSS Baseline,Scores,MHOS - In the past week:,Answer,A little (-2 points),,3061,f6a5ea2d-fc7d-4e9e-8dfd-dbbea05cd9a0,,,MHOS - special
MSF,Mental health,MHPSS Baseline,Scores,MHOS - In the past week:,Answer,Some (-3 points),,3249,edf347b1-ee57-4d8f-babb-97acca20c3cb,,,MHOS - special
MSF,Mental health,MHPSS Baseline,Scores,MHOS - In the past week:,Answer,Fair amount (-4 points),,3060,de7fa192-bf2e-4991-a81f-582c4b50ae51,,,MHOS - special
MSF,Mental health,MHPSS Baseline,Scores,MHOS - In the past week:,Answer,A lot (-5 points),,3062,0f074510-1ff6-4924-bfef-effdcffd44f8,,,MHOS - special
MSF,Mental health,MHPSS Baseline,Scores,MHOS - In the past week:,Question,Did the child wet the bed?,هل تبول الطفل في سريره؟,3667,e89f15f2-559f-4a46-8d21-5e32e2a51c4a,Coded,radio,MHOS
MSF,Mental health,MHPSS Baseline,Scores,MHOS - In the past week:,Question,Was the child sad or irritable?,هل كان الطفل حزينا او سريع الانفعال؟,3668,e75836f2-843b-42d1-9eb3-62da997ac23e,Coded,radio,MHOS
MSF,Mental health,MHPSS Baseline,Scores,MHOS - In the past week:,Question,Was the child worried or scared?,هل كان الطفل قلق او خائف؟,3669,71163a70-fe4c-436b-b6b8-12757889fab3,Coded,radio,MHOS
MSF,Mental health,MHPSS Baseline,Scores,MHOS - In the past week:,Question,Has the child been crying?,هل كان الطفل يبكي؟,3670,515d9893-24a5-438e-a294-37b897cba8ab,Coded,radio,MHOS
MSF,Mental health,MHPSS Baseline,Scores,MHOS - In the past week:,Question,Has the child been suffering?,هل كان الطفل يعاني؟,3671,456714e9-4268-4a2a-a7c2-d0758ab92ea8,Coded,radio,MHOS
MSF,Mental health,MHPSS Baseline,Scores,MHOS,Question,"In general, how helpful were the therapeutic or counselling sessions FOR YOUR CHILD?","بشكل عام, ما مدى فائدة الجلسات العلاجية او الارشادية لطفلك؟",3672,975d4314-0f9d-448c-bf46-a274c7cbe943,Coded,radio,MHOS - no points
MSF,Mental health,MHPSS Baseline,Scores,MHOS,Answer,Not at all,,976,ed0e2463-c990-4341-b095-53b899707af9,,,MHOS - no points
MSF,Mental health,MHPSS Baseline,Scores,MHOS,Answer,A little,,3061,f6a5ea2d-fc7d-4e9e-8dfd-dbbea05cd9a0,,,MHOS - no points
MSF,Mental health,MHPSS Baseline,Scores,MHOS,Answer,Some,,3249,edf347b1-ee57-4d8f-babb-97acca20c3cb,,,MHOS - no points
MSF,Mental health,MHPSS Baseline,Scores,MHOS,Answer,Fair amount,,3060,de7fa192-bf2e-4991-a81f-582c4b50ae51,,,MHOS - no points
MSF,Mental health,MHPSS Baseline,Scores,MHOS,Answer,A lot,,3062,0f074510-1ff6-4924-bfef-effdcffd44f8,,,MHOS - no points
MSF,Mental health,MHPSS Baseline,Scores,MHOS,Question,"In general, how helpful were the therapeutic or counselling sessions FOR YOU?","بشكل عام, ما مدى فائدة الجلسات العلاجية او الارشادية لك؟",3673,3fd956b5-4e18-4d07-91d4-8d0807758d43,Coded,radio,MHOS - no points
MSF,Mental health,MHPSS Baseline,Scores,MHOS,Question,MHOS score,نتائج MHOS,829,b2c5b6e0-66f0-4b9d-8576-b6f48e0a06df,Numeric,number,
MSF,Mental health,MHPSS Baseline,Scores,MHOS,Question,Last MHOS score,أخر نتائج MOHS,3674,6156a8ec-565e-4104-83cb-2d6e0c1a887f,Numeric,number,
MSF,Mental health,MHPSS Baseline,Scores,"PHQ9 - Over the last two weeks, how often have you been bothered by any of the following problems?",Question,Little interest or pleasure in doing things?,قلة الاهتمام أو الاستمتاع بممارسة الأشياء,3166,eeac083f-9acd-4c04-bafc-b4266a02a3a3,Coded,radio,PHQ9
MSF,Mental health,MHPSS Baseline,Scores,"PHQ9 - Over the last two weeks, how often have you been bothered by any of the following problems?",Answer,Not at all (0 point),أبداً,976,ed0e2463-c990-4341-b095-53b899707af9,,,PHQ9
MSF,Mental health,MHPSS Baseline,Scores,"PHQ9 - Over the last two weeks, how often have you been bothered by any of the following problems?",Answer,Several days (1 point),بعض الأيام,977,b631d160-8d40-4cf7-92cd-67f628c889e8,,,PHQ9
MSF,Mental health,MHPSS Baseline,Scores,"PHQ9 - Over the last two weeks, how often have you been bothered by any of the following problems?",Answer,More than half the days (2 points),أآثر من نصف الأيام,978,234259ec-5368-4488-8482-4f261cc76714,,,PHQ9
MSF,Mental health,MHPSS Baseline,Scores,"PHQ9 - Over the last two weeks, how often have you been bothered by any of the following problems?",Answer,Nearly every day (3 points),آل يوم تقريباً,979,8ff1f85c-4f04-4f5b-936a-5aa9320cb66e,,,PHQ9
MSF,Mental health,MHPSS Baseline,Scores,"PHQ9 - Over the last two weeks, how often have you been bothered by any of the following problems?",Question,"Feeling down, depressed, or hopeless?",الشعور بالحزن أو ضيق الصدر أو اليأس,3167,0902dd6a-3f4e-422c-92eb-10e89cb783e2,Coded,radio,PHQ9
MSF,Mental health,MHPSS Baseline,Scores,"PHQ9 - Over the last two weeks, how often have you been bothered by any of the following problems?",Question,"Trouble falling or staying asleep, or sleeping too much?",هل تعاني من مشاكل في النوم أو البقاء نائما، أو النوم كثيرا؟,3154,2ad5e737-fb27-44ea-bcf9-fafcbd7640fd,Coded,radio,PHQ9
MSF,Mental health,MHPSS Baseline,Scores,"PHQ9 - Over the last two weeks, how often have you been bothered by any of the following problems?",Question,Feeling tired or having little energy?,الشعور بالتعب أو بقلة الحيوية.,3155,f899935f-13f0-472e-b1dd-569ead3c63f1,Coded,radio,PHQ9
MSF,Mental health,MHPSS Baseline,Scores,"PHQ9 - Over the last two weeks, how often have you been bothered by any of the following problems?",Question,Poor appetite or overeating?,قلة الشهية أو الافراط في الاكل,3156,48177433-e9c0-43b7-be27-7d4992723e01,Coded,radio,PHQ9
MSF,Mental health,MHPSS Baseline,Scores,"PHQ9 - Over the last two weeks, how often have you been bothered by any of the following problems?",Question,Feeling bad about yourself - or that you are a failure or have let yourself or your family down?,الشعور بعدم الرضا عن النفس أو بالفشل أو الإحباط تجاه ذويك.,3157,eb14c9f6-8c32-4cbb-a595-66ffd72b8cdb,Coded,radio,PHQ9
MSF,Mental health,MHPSS Baseline,Scores,"PHQ9 - Over the last two weeks, how often have you been bothered by any of the following problems?",Question,"Trouble concentrating on things, such as reading the newspaper or watching television?",الصعوبة في التركيز على الأشياء، مثل قراءة الصحف أو مشاهدة التليفزيون.,3158,2bf607e1-85f3-4514-9e07-e3f8caabbc57,Coded,radio,PHQ9
MSF,Mental health,MHPSS Baseline,Scores,"PHQ9 - Over the last two weeks, how often have you been bothered by any of the following problems?",Question,Moving or speaking so slowly that other people could have noticed? Or the opposite - being so fidgety or restless that you have been moving around a lot more than usual?,بطء في الحركة أو الكلام بدرجة ملحوظة من الآخرين؟ أو على العكس من ذلك كثرة التململ والتحرك إلى درجة فوق العادة.,3159,50fb199e-410c-40d4-bbd9-44f641d4421d,Coded,radio,PHQ9
MSF,Mental health,MHPSS Baseline,Scores,"PHQ9 - Over the last two weeks, how often have you been bothered by any of the following problems?",Question,"Thoughts that you would be better off dead, or of hurting yourself in some way?",الشعور بتفضيل الموت عن الحياة أو بإيذاء النفس بطريقة ما.,3160,5723ae77-b752-404a-a5dd-5b1d8be222c4,Coded,radio,PHQ9
MSF,Mental health,MHPSS Baseline,Scores,PHQ9,Question,PHQ-9 score,PHQ9 النقاط,836,5f3d618e-5c89-43bd-8c79-07e4e98c2f23,Numeric,number,
MSF,Mental health,MHPSS Baseline,Scores,PHQ9,Question,"If you checked off any problems, how difficult have these problems made it for you to do your work, take care of things at home, or get along with other people?",إذا قمت بتحديد أي مشاكل، فما مدى صعوبة هذه المشاكل بالنسبة لك في أداء عملك، أو الاهتمام بالأشياء في المنزل، أو التعامل مع الآخرين؟,3677,c608b9a1-d0b9-48d8-9f6f-1da89d57481c,Coded,radio,PHQ9 question 10
MSF,Mental health,MHPSS Baseline,Scores,PHQ9,Answer,Not difficult at all,كلا على الاطلاق,976,ed0e2463-c990-4341-b095-53b899707af9,,,PHQ9 question 10
MSF,Mental health,MHPSS Baseline,Scores,PHQ9,Answer,Somewhat difficult,صعب إلى حد ما,3679,243698be-42a0-46da-8be8-21c774f2f42a,,,PHQ9 question 10
MSF,Mental health,MHPSS Baseline,Scores,PHQ9,Answer,Very difficult,صعب جدا,3680,45125711-2156-475e-ac7e-6eed34b976a7,,,PHQ9 question 10
MSF,Mental health,MHPSS Baseline,Scores,PHQ9,Answer,Extremely difficult,صعب للغاية,3681,7914639c-89bc-4ff9-bff5-06b5c22aed11,,,PHQ9 question 10
MSF,Mental health,MHPSS Baseline,Scores,Depression severity scale,Question,Depression severity scale,مقياس شدة الاكتئاب,3169,ffead923-80bc-4afa-833d-7690f35bf5b0,Coded,select,Depression severity scale
MSF,Mental health,MHPSS Baseline,Scores,Depression severity scale,Answer,PHQ9 score <5: No depression,لا يوجد اكتئاب,3170,5aa4edf5-b218-4470-b5da-ad1d88007954,,,Depression severity scale
MSF,Mental health,MHPSS Baseline,Scores,Depression severity scale,Answer,PHQ9 score 5-9: Minimal symptoms,أعراض بسيطة جدًا,3171,9d7d154f-e7a1-4490-b93a-85f5c2157f92,,,Depression severity scale
MSF,Mental health,MHPSS Baseline,Scores,Depression severity scale,Answer,PHQ9 score 10-14: Minor to mild depression (or dysthymia),اكتئاب خفيف إلى بسيط (أو عسر المزاج),3172,ed7484ef-a3ea-4c95-bf59-58987c7f6d7c,,,Depression severity scale
MSF,Mental health,MHPSS Baseline,Scores,Depression severity scale,Answer,PHQ9 score 15-19: Major depression,اكتئاب شديد,3173,d163711c-9fcf-4050-b015-d3463b4602fa,,,Depression severity scale
MSF,Mental health,MHPSS Baseline,Scores,Depression severity scale,Answer,PHQ9 score >19: Severe depression,اكتئاب حاد,3174,0ff3a7dc-1a6e-4453-91d5-29cf6a9f790c,,,Depression severity scale
MSF,Mental health,MHPSS Baseline,Scores,Last PHQ9 score,Question,Last PHQ-9 score,نتيجة PHQ9 الاخيرة,3675,4854003a-4f26-497f-959d-45a56bc77c65,Numeric,number,
MSF,Mental health,MHPSS Baseline,Scores,"GAD7 - Over the last two weeks, how often have you been bothered by any of the following problems?",Question,"Feeling nervous, anxious, or on edge",,795,2b991007-964f-4c62-b10e-eade4644763c,Coded,radio,GAD7
MSF,Mental health,MHPSS Baseline,Scores,"GAD7 - Over the last two weeks, how often have you been bothered by any of the following problems?",Answer,More than half the days (2 points),Arabic,978,234259ec-5368-4488-8482-4f261cc76714,,,GAD7
MSF,Mental health,MHPSS Baseline,Scores,"GAD7 - Over the last two weeks, how often have you been bothered by any of the following problems?",Answer,Nearly every day (3 points),Arabic,979,8ff1f85c-4f04-4f5b-936a-5aa9320cb66e,,,GAD7
MSF,Mental health,MHPSS Baseline,Scores,"GAD7 - Over the last two weeks, how often have you been bothered by any of the following problems?",Answer,Not at all (0 point),Arabic,976,ed0e2463-c990-4341-b095-53b899707af9,,,GAD7
MSF,Mental health,MHPSS Baseline,Scores,"GAD7 - Over the last two weeks, how often have you been bothered by any of the following problems?",Answer,Several days (1 point),Arabic,977,b631d160-8d40-4cf7-92cd-67f628c889e8,,,GAD7
MSF,Mental health,MHPSS Baseline,Scores,"GAD7 - Over the last two weeks, how often have you been bothered by any of the following problems?",Question,Not being able to stop or control worrying,عدم القدرة على إيقاف القلق أو السيطرة عليه,796,2e271a4d-11cc-4b67-820e-c462e87fa9a6,Coded,radio,GAD7
MSF,Mental health,MHPSS Baseline,Scores,"GAD7 - Over the last two weeks, how often have you been bothered by any of the following problems?",Question,Worrying too much about different things,القلق الشديد بشأن أشياء مختلفة,1310,104fbd36-887e-47dd-994c-a86f1b4a39e9,Coded,radio,GAD7
MSF,Mental health,MHPSS Baseline,Scores,"GAD7 - Over the last two weeks, how often have you been bothered by any of the following problems?",Question,Trouble relaxing,مشكلة بالاسترخاء,838,6f111181-f3a9-4a16-aa81-52b596eb62c2,Coded,radio,GAD7
MSF,Mental health,MHPSS Baseline,Scores,"GAD7 - Over the last two weeks, how often have you been bothered by any of the following problems?",Question,Being so restless that it is hard to sit still,أن تكون مضطربًا للغاية لدرجة أنه من الصعب الجلوس ساكنًا,839,905bdc86-68cf-454b-90d9-a8b8b115bcfb,Coded,radio,GAD7
MSF,Mental health,MHPSS Baseline,Scores,"GAD7 - Over the last two weeks, how often have you been bothered by any of the following problems?",Question,Becoming easily annoyed or irritable,يصبح من السهل الانزعاج أو الانفعال,840,3d14f085-508f-4ead-86b3-e4a047bb5481,Coded,radio,GAD7
MSF,Mental health,MHPSS Baseline,Scores,"GAD7 - Over the last two weeks, how often have you been bothered by any of the following problems?",Question,Feeling afraid as if something awful might happen,الشعور بالخوف وكأن شيئًا فظيعًا قد يحدث,841,ac1f9998-3ac2-4d5c-bdf8-8161a1fab214,Coded,radio,GAD7
MSF,Mental health,MHPSS Baseline,Scores,GAD7 score,Question,GAD7 score,نتائج GAD7,837,89e1b4f8-d4c6-491b-bc32-4d4f79a8df9d,Numeric,NA,
MSF,Mental health,MHPSS Baseline,Scores,Last GAD7 score,Question,Last GAD7 score,نتائج GAD7 الاخيرة,3847,1dfec9ae-33af-4a22-9fc0-e72a4ccca39f,Numeric,number,
MSF,Mental health,MHPSS Baseline,Scores,CGI,Question,CGI-S score - How mentally ill is the patient at this time?,قياس درجة الشدة (CGI-S): ما مدى شدة المرض النفسي لدى المريض في هذه الفترة؟,3256,a1a75011-0fef-460a-b666-dda2d171f39b,Coded,radio,CGI-S
MSF,Mental health,MHPSS Baseline,Scores,CGI,Answer,0 - Not assessed,لم يتم قياسه,3257,eb770ad7-b106-4255-83bd-2dc284fbd7ce,,,CGI-S
MSF,Mental health,MHPSS Baseline,Scores,CGI,Answer,1 - Normal/not ill,عادي / غير مريض,3764,28eca5ef-725d-411f-af28-538a4a6f0a89,,,CGI-S
MSF,Mental health,MHPSS Baseline,Scores,CGI,Answer,2 - Suspected mentally ill,يشتبه بإصابته بمرض نفسي,3766,8f8af8f2-4256-4fba-9ce9-e62097b871d3,,,CGI-S
MSF,Mental health,MHPSS Baseline,Scores,CGI,Answer,3 - Mildly ill,مريض بشكل طفيف,1438,c90610d0-29ee-437e-af93-7bcc49fda2f1,,,CGI-S
MSF,Mental health,MHPSS Baseline,Scores,CGI,Answer,4 - Moderately ill,مريض بشكل متوسط,1439,e81cfac7-6c80-4e1b-af86-3d896c9bbdac,,,CGI-S
MSF,Mental health,MHPSS Baseline,Scores,CGI,Answer,5 - Markedly ill,مريض بشكل ملحوظ,1440,cf122053-f10b-4450-89e1-ed9adabb413c,,,CGI-S
MSF,Mental health,MHPSS Baseline,Scores,CGI,Answer,6 - Severely ill,مريض بشكل شديد,1441,a6f90f7f-82c5-4cf0-adc5-c71cc14ca3c7,,,CGI-S
MSF,Mental health,MHPSS Baseline,Scores,CGI,Answer,7 - Extremely ill patient,مريض بشكل خطير,1442,0f115f25-cdd0-49c3-b009-ba9acb041fef,,,CGI-S
MSF,Mental health,MHPSS Baseline,Scores,CGI,Question,Last CGI-S score,اخر اختبار شدة الحالة - شديد,3676,19dffa49-65bb-4d21-b71e-ea46e599a20d,Coded,select,CGI-S
MSF,Mental health,MHPSS Baseline,Diagnosis,Clinical diagnosis,Question,Main diagnosis,التشخيص الرئيسي,1364,22809b19-54ca-4d88-8d26-9577637c184e,Coded,select,Clinical diagnosis - MH
MSF,Mental health,MHPSS Baseline,Diagnosis,Clinical diagnosis,Answer,Acute stress disorder,اضطراب الكرب الحاد,506,a2f8295b-1259-481f-8ef3-34e213b7b4d6,,,Clinical diagnosis - MH
MSF,Mental health,MHPSS Baseline,Diagnosis,Clinical diagnosis,Answer,Bereavement/grief,الفجيعة / الأسى,3186,7d486d0c-0e2b-475d-8e17-07296cc624b9,,,Clinical diagnosis - MH
MSF,Mental health,MHPSS Baseline,Diagnosis,Clinical diagnosis,Answer,Post-Traumatic Stress Disorder,اضطراب الكرب التالي للصدمة النفسية,291,ec7a63e8-5d0b-4dcf-8f72-7529c1df699a,,,Clinical diagnosis - MH
MSF,Mental health,MHPSS Baseline,Diagnosis,Clinical diagnosis,Answer,Conversion/Dissociative reaction,اضطراب التحويل,457,58881584-4f0e-4cf3-b2bf-d9f0898ae106,,,Clinical diagnosis - MH
MSF,Mental health,MHPSS Baseline,Diagnosis,Clinical diagnosis,Answer,Anxiety Disorder,اضطراب القلق,102,2564bdee-c24c-4d96-903e-d44010f2a8ec,,,Clinical diagnosis - MH
MSF,Mental health,MHPSS Baseline,Diagnosis,Clinical diagnosis,Answer,Medically Unexplained Physical Symptoms (MUPS),عراض طبية من دون أسباب جسدية,3187,9df01581-6135-4876-8fb8-cbaaa522064e,,,Clinical diagnosis - MH
MSF,Mental health,MHPSS Baseline,Diagnosis,Clinical diagnosis,Answer,Enuresis / Encopresis,سلس البراز / البول,1396,a22392b2-c8dc-43b5-8f8a-b18a223f25f2,,,Clinical diagnosis - MH
MSF,Mental health,MHPSS Baseline,Diagnosis,Clinical diagnosis,Answer,Depression,لاكتئاب,160,2066f043-2f21-4c19-8c04-77301d7404f9,,,Clinical diagnosis - MH
MSF,Mental health,MHPSS Baseline,Diagnosis,Clinical diagnosis,Answer,Self-harming behavior/suicide attempt,سلوك مؤذي للنفس / محاولة انتحار,1391,b27187bd-e94a-4dbc-9a77-46c0cefad25a,,,Clinical diagnosis - MH
MSF,Mental health,MHPSS Baseline,Diagnosis,Clinical diagnosis,Answer,Bipolar disorder (incl. mania),اضطراب ثنائي القطب(يشمل الهوس),448,1ba02bf8-6bbe-46a6-baff-d18b5c9f6425,,,Clinical diagnosis - MH
MSF,Mental health,MHPSS Baseline,Diagnosis,Clinical diagnosis,Answer,Acute psychosis (incl. post-partum psychosis),ذهان حاد (يشمل ذهان ما بعد الإنجاب),446,b33dac1c-b0c0-4fcd-b639-661bb6678924,,,Clinical diagnosis - MH
MSF,Mental health,MHPSS Baseline,Diagnosis,Clinical diagnosis,Answer,"Developmental disorder (incl. intellectual disability, autism)",اضطراب نمو (يشمل الإعاقة الذهنية والتوحد),500,63f73696-3d7c-4dc5-8c16-5382c20c3f9f,,,Clinical diagnosis - MH
MSF,Mental health,MHPSS Baseline,Diagnosis,Clinical diagnosis,Answer,"Childhood behavioral disorder (incl. ADHD, conduct disorder)",اضطراب سلوكي لدى الطفل (يشمل اضطراب نقص الانتباه مع فرط النشاط، واضطراب المسلك),890,1189fb28-8d79-4d69-a434-63fed6e0ea60,,,Clinical diagnosis - MH
MSF,Mental health,MHPSS Baseline,Diagnosis,Clinical diagnosis,Answer,Childhood emotional disorder,اضطراب عاطفي لدى الطفل,505,52d85e63-b238-4161-985c-97f75ad80c9a,,,Clinical diagnosis - MH
MSF,Mental health,MHPSS Baseline,Diagnosis,Clinical diagnosis,Answer,Substance-related disorder,اضطراب ذو صلة بالعقاقير,2457,fcc01124-3d7b-4e6f-be35-50233a7f64cb,,,Clinical diagnosis - MH
MSF,Mental health,MHPSS Baseline,Diagnosis,Clinical diagnosis,Answer,Epilepsy / seizures,صرع/نوبات صرعية,420,88f53582-4db7-4936-970d-7b6f685f0c68,,,Clinical diagnosis - MH
MSF,Mental health,MHPSS Baseline,Diagnosis,Clinical diagnosis,Answer,Other disorder,نوع آخر من الأمراض,7,790b41ce-e1e7-11e8-b02f-0242ac130002,,,Clinical diagnosis - MH
MSF,Mental health,MHPSS Baseline,Diagnosis,Clinical diagnosis,Answer,No diagnosis,لا يوجد تشخيص,1630,dc77c73a-5ce5-4aac-821e-81f19f81b65f,,,Clinical diagnosis - MH
MSF,Mental health,MHPSS Baseline,Diagnosis,Clinical diagnosis,Question,"If other, specify",اذا أخرى، حدد,2464,819f79e7-b9af-4afd-85d4-2ab677223113,Text,text,
MSF,Mental health,MHPSS Baseline,Diagnosis,Clinical diagnosis,Question,Date of the main diagnosis,تاريخ التشخيص الرئيسي,3854,25ab1831-52a1-46ea-b4f5-a82b50efb396,date,date,
MSF,Mental health,MHPSS Baseline,Diagnosis,Clinical diagnosis,Question,Concomitant diagnosis,التشخيص المصاحب,2464,819f79e7-b9af-4afd-85d4-2ab677223113,Coded,select,Clinical diagnosis - MH
MSF,Mental health,MHPSS Baseline,Diagnosis,Clinical diagnosis,Question,"If other, specify",اذا أخرى، حدد,7,790b41ce-e1e7-11e8-b02f-0242ac130002,Text,text,
MSF,Mental health,MHPSS Baseline,Events,Past / precipitating events (possible reasons or causes linked to current problem),Question,1. Medical conditions,الحالات الطبية,3283,0d2523ea-f175-4f37-8ece-32c28c68367a,Coded,multiCheckbox,Past / Precipitating Events - Medical conditions
MSF,Mental health,MHPSS Baseline,Events,Past / precipitating events (possible reasons or causes linked to current problem),Answer,"1.1 Highly stigmatizing disease (HIV/AIDS, FHF, cancer, etc.)",مرض مرتبط بالوصم والعار (الإيدز، الفشل الكبدي الحاد، السرطان، إلخ.),3310,6e02debd-31eb-4112-8566-00e520835c76,,,Past / Precipitating Events - Medical conditions
MSF,Mental health,MHPSS Baseline,Events,Past / precipitating events (possible reasons or causes linked to current problem),Answer,"1.2 Severe medical condition (malnutrition, disability, sexual or reproductive problems, etc.)",حالة طبية شديدة (نقص التغذية، الإعاقة الجسدية، مشاكل جنسية أو إنجابية، إلخ.),3311,ccd5d010-12c7-44d7-966e-c5b17c02e3a2,,,Past / Precipitating Events - Medical conditions
MSF,Mental health,MHPSS Baseline,Events,Past / precipitating events (possible reasons or causes linked to current problem),Answer,1.3 Unwanted pregnancy,حمل غير مرعوب به,3312,35910034-cc37-4dd1-abb7-ce140b0eff2b,,,Past / Precipitating Events - Medical conditions
MSF,Mental health,MHPSS Baseline,Events,Past / precipitating events (possible reasons or causes linked to current problem),Answer,1.4 History of mental health disorder,المعاناة من مشاكل نفسية في السابق,3313,72ad3cc7-820c-4799-ab1c-36ad8f1ca97d,,,Past / Precipitating Events - Medical conditions
MSF,Mental health,MHPSS Baseline,Events,Past / precipitating events (possible reasons or causes linked to current problem),Answer,"1.5 Chronic disease (diabetes, hypertension, cancer, etc.)",مرض مزمن (سكري، فرط الضغط، السرطان، إلخ.),3314,4bf7b376-9193-4ee4-a51a-445d07d2d22b,,,Past / Precipitating Events - Medical conditions
MSF,Mental health,MHPSS Baseline,Events,Past / precipitating events (possible reasons or causes linked to current problem),Answer,1.6 Family member with a serious medical condition,فرد من أفراد العائلة يعاني من حالة مرضية شديدة,3315,42e8ab5a-607f-4259-a23f-9f9bac5d5b46,,,Past / Precipitating Events - Medical conditions
MSF,Mental health,MHPSS Baseline,Events,Past / precipitating events (possible reasons or causes linked to current problem),Answer,1.7 Patient under palliative care,,4037,fb17afb6-033e-4560-8343-eecd6ff0f028,,,Past / Precipitating Events - Medical conditions
MSF,Mental health,MHPSS Baseline,Events,Past / precipitating events (possible reasons or causes linked to current problem),Answer,1.8 Chronic pain,,4038,d2f59555-b1ef-4f3b-89c5-88c91f3a8126,,,Past / Precipitating Events - Medical conditions
MSF,Mental health,MHPSS Baseline,Events,Past / precipitating events (possible reasons or causes linked to current problem),Answer,1.9 Substance abuse,,2457,fcc01124-3d7b-4e6f-be35-50233a7f64cb,,,Past / Precipitating Events - Medical conditions
MSF,Mental health,MHPSS Baseline,Events,Past / precipitating events (possible reasons or causes linked to current problem),Answer,1.10 Termination of pregnancy,,522,f3753bd0-13cf-4bc0-887b-bf9c0e50cc97,,,Past / Precipitating Events - Medical conditions
MSF,Mental health,MHPSS Baseline,Events,Past / precipitating events (possible reasons or causes linked to current problem),Answer,1.11 Barriers to accessing healthcare (incl. MH),,4039,e9e30daa-2232-4095-935d-717b3b25d29f,,,Past / Precipitating Events - Medical conditions
MSF,Mental health,MHPSS Baseline,Events,Past / precipitating events (possible reasons or causes linked to current problem),Question,2. Violence,العنف,3284,9b3fb5d2-e40d-434d-a755-d136cee7d5f9,Coded,multiCheckbox,Past / Precipitating Events - Violence
MSF,Mental health,MHPSS Baseline,Events,Past / precipitating events (possible reasons or causes linked to current problem),Answer,2.1 Sexual violence within the family,العنف الجنسي داخل العائلة,3316,5cccf137-2952-4c9b-b879-b4ed2a9be621,,,Past / Precipitating Events - Violence
MSF,Mental health,MHPSS Baseline,Events,Past / precipitating events (possible reasons or causes linked to current problem),Answer,2.2 Sexual violence outside the family,العنف الجنسي خارج العائلة,3317,dbe73631-79ae-4ab9-a3c8-65d6732c8714,,,Past / Precipitating Events - Violence
MSF,Mental health,MHPSS Baseline,Events,Past / precipitating events (possible reasons or causes linked to current problem),Answer,2.3 Exposed to war/armed conflict,العيش في أجواء الحرب,3318,cf28335f-d72c-440a-afc1-bcca39b51155,,,Past / Precipitating Events - Violence
MSF,Mental health,MHPSS Baseline,Events,Past / precipitating events (possible reasons or causes linked to current problem),Answer,2.4 Incarceration/detention,الحبس/الاحتجاز,3319,66492df1-6d26-498a-b6c7-b10931da1642,,,Past / Precipitating Events - Violence
MSF,Mental health,MHPSS Baseline,Events,Past / precipitating events (possible reasons or causes linked to current problem),Answer,2.5 Hostage/kidnapping/forced recruitment,الاختطاف / التجنيد الإجباري,3320,8917acb0-e25d-4f9e-84bb-cae9998abf35,,,Past / Precipitating Events - Violence
MSF,Mental health,MHPSS Baseline,Events,Past / precipitating events (possible reasons or causes linked to current problem),Answer,2.6 Deportation / Pushback,الترحيل,3321,f279409d-71ba-41c6-8301-76ee90d239dc,,,Past / Precipitating Events - Violence
MSF,Mental health,MHPSS Baseline,Events,Past / precipitating events (possible reasons or causes linked to current problem),Answer,2.7 Intimate partner’s violence,العنف المنزلي,3322,e25f9ca1-0b33-4765-a8c4-5da48289bda7,,,Past / Precipitating Events - Violence
MSF,Mental health,MHPSS Baseline,Events,Past / precipitating events (possible reasons or causes linked to current problem),Answer,2.8 Victim of threats,التعرض للتهديدات,3323,7ab56ef2-0ff7-4ebf-b7c2-42f6b46c2206,,,Past / Precipitating Events - Violence
MSF,Mental health,MHPSS Baseline,Events,Past / precipitating events (possible reasons or causes linked to current problem),Answer,2.9 Victim of human trafficking or smuggling,التعرض للإتجار البشري والتهريب,3324,5958f0fd-c755-4640-80d7-5ef0f9522b2e,,,Past / Precipitating Events - Violence
MSF,Mental health,MHPSS Baseline,Events,Past / precipitating events (possible reasons or causes linked to current problem),Answer,2.10 Witness violence/killings/threats,مشاهدة أعمال العنف والقتل والتهديد بالتعرض لها,3325,107a7f52-f95d-447f-bf1a-c801e1a0082c,,,Past / Precipitating Events - Violence
MSF,Mental health,MHPSS Baseline,Events,Past / precipitating events (possible reasons or causes linked to current problem),Answer,2.11 Forced to flee (IDP/refugee/migrant),الإجبار على الهرب (النزوح داخلياً / الهجرة / اللجوء),3326,a8b0e025-a735-407b-b958-fe9b29c370e7,,,Past / Precipitating Events - Violence
MSF,Mental health,MHPSS Baseline,Events,Past / precipitating events (possible reasons or causes linked to current problem),Answer,2.12 Target of stigma/discrimination/marginalization,التعرض للوصم / التمييز العنصري / التهميش,3327,e702655a-57af-457a-a1ae-42e31f119f80,,,Past / Precipitating Events - Violence
MSF,Mental health,MHPSS Baseline,Events,Past / precipitating events (possible reasons or causes linked to current problem),Answer,2.13 Physical violence (wounded/beaten/torture),نوع آخر من العنف (التعرض للجرح / الضرب / التعذيب),3328,c80eb3f7-31b1-4717-a78d-0aac623fc129,,,Past / Precipitating Events - Violence
MSF,Mental health,MHPSS Baseline,Events,Past / precipitating events (possible reasons or causes linked to current problem),Answer,2.14 Forced curfew or confinement,الاحتجاز أو منع الحركة القسري,3329,ea673f5c-5f99-4da5-9f41-92c21446de31,,,Past / Precipitating Events - Violence
MSF,Mental health,MHPSS Baseline,Events,Past / precipitating events (possible reasons or causes linked to current problem),Answer,2.15 History of suicide attempts,محاولات انتحار سابقة,3330,160734e2-e5ed-44e9-b573-bdbb6e619e30,,,Past / Precipitating Events - Violence
MSF,Mental health,MHPSS Baseline,Events,Past / precipitating events (possible reasons or causes linked to current problem),Answer,2.16 History of self-harm/mutilation,أذية نفس / تشويه للنفس في السابق,3331,19408a7e-e17e-4040-adec-d6aa426564ce,,,Past / Precipitating Events - Violence
MSF,Mental health,MHPSS Baseline,Events,Past / precipitating events (possible reasons or causes linked to current problem),Answer,2.17 Family members lived a violent experience,تعرض أفراد العائلة لتجربة عنيفة,3332,5a462534-7605-4137-8d5c-503584538eb4,,,Past / Precipitating Events - Violence
MSF,Mental health,MHPSS Baseline,Events,Past / precipitating events (possible reasons or causes linked to current problem),Answer,2.18 Adult forced marriage,الزواج القسري للبالغين,3333,a725a884-e785-4c08-b08a-386d8652faaf,,,Past / Precipitating Events - Violence
MSF,Mental health,MHPSS Baseline,Events,Past / precipitating events (possible reasons or causes linked to current problem),Answer,2.19 Child marriage,زواج الأطفال,3334,cf6a1837-ad3a-4efc-b99f-4c7679a171d6,,,Past / Precipitating Events - Violence
MSF,Mental health,MHPSS Baseline,Events,Past / precipitating events (possible reasons or causes linked to current problem),Answer,2.20 Combat experience (incl. forced recruitment),,4044,0391d68c-cbbc-47ad-b4e4-5c60bb080943,,,Past / Precipitating Events - Violence
MSF,Mental health,MHPSS Baseline,Events,Past / precipitating events (possible reasons or causes linked to current problem),Answer,2.21 Persecution,,4045,6de81a84-8491-4af5-be77-2317ff95d518,,,Past / Precipitating Events - Violence
MSF,Mental health,MHPSS Baseline,Events,Past / precipitating events (possible reasons or causes linked to current problem),Answer,2.22 Psychological torture,,4046,2e6e7afe-3689-42d6-8fa5-60cbde925c57,,,Past / Precipitating Events - Violence
MSF,Mental health,MHPSS Baseline,Events,Past / precipitating events (possible reasons or causes linked to current problem),Answer,2.24 Violence based on gender identity,,4048,2196bd0a-90c1-4ee4-8d72-8a1f2f949a53,,,Past / Precipitating Events - Violence
MSF,Mental health,MHPSS Baseline,Events,Past / precipitating events (possible reasons or causes linked to current problem),Answer,2.25 Pushback,,4049,49373120-0962-4023-8c7e-ced32b96e071,,,Past / Precipitating Events - Violence
MSF,Mental health,MHPSS Baseline,Events,Past / precipitating events (possible reasons or causes linked to current problem),Answer,2.25 Other forms of ill-treatment,,4050,bc3ddc59-4f9a-4f5e-97e2-291e3c539d6d,,,Past / Precipitating Events - Violence
MSF,Mental health,MHPSS Baseline,Events,Past / precipitating events (possible reasons or causes linked to current problem),Question,3. Separation or loss,الانفصال او الفقد,3285,edab07a2-b620-4e56-a079-af7fc9449039,Coded,multiCheckbox,Past / Precipitating Events - Separation or loss
MSF,Mental health,MHPSS Baseline,Events,Past / precipitating events (possible reasons or causes linked to current problem),Answer,3.1 Family member killed or missing,تعرض أحد أفراد العائلة للقتل أو الاختطاف (الاعتقال / الاحتجاز / الإخفاء),3335,4e3ab089-6a99-4e15-8883-3c49a150e6c6,,,Past / Precipitating Events - Separation or loss
MSF,Mental health,MHPSS Baseline,Events,Past / precipitating events (possible reasons or causes linked to current problem),Answer,3.2 Unaccompanied minor or orphaned,قاصر أو يتيم من دون مرافق,3336,b10b3c8c-2f11-4f0e-9f45-2959a45997c8,,,Past / Precipitating Events - Separation or loss
MSF,Mental health,MHPSS Baseline,Events,Past / precipitating events (possible reasons or causes linked to current problem),Answer,3.3 Negligence of caretakers,اهمال مقدمي الرعاية,3337,f2be320d-7757-4525-bcb0-6005368982d7,,,Past / Precipitating Events - Separation or loss
MSF,Mental health,MHPSS Baseline,Events,Past / precipitating events (possible reasons or causes linked to current problem),Answer,3.4 Property destroyed or lost,دمار الممتلكات أو فقدانها,3338,979b6137-2d14-412d-8e07-d3f2a1743deb,,,Past / Precipitating Events - Separation or loss
MSF,Mental health,MHPSS Baseline,Events,Past / precipitating events (possible reasons or causes linked to current problem),Answer,3.5 Loss of income/job,فقدان مصدر الدخل,3339,c88d3256-f445-4eee-8aac-c31542386f23,,,Past / Precipitating Events - Separation or loss
MSF,Mental health,MHPSS Baseline,Events,Past / precipitating events (possible reasons or causes linked to current problem),Answer,3.6 Death of family member (natural or accidental death),موت فرد من أفراد العائلة (بشكل طبيعي أو عرضي),3340,a98876f1-98f2-4821-b7d4-e2510b4ac3f1,,,Past / Precipitating Events - Separation or loss
MSF,Mental health,MHPSS Baseline,Events,Past / precipitating events (possible reasons or causes linked to current problem),Answer,3.7 Relationship problems,مشاكل عاطفية مع الشريك/ة,3341,0e61d02d-5041-4cb2-8f4c-c59b89e7a17e,,,Past / Precipitating Events - Separation or loss
MSF,Mental health,MHPSS Baseline,Events,Past / precipitating events (possible reasons or causes linked to current problem),Answer,3.8 Divorce/separation,الطلاق / الانفصال,3342,c461d1ad-5f8e-4e67-bcc7-70e4765640f1,,,Past / Precipitating Events - Separation or loss
MSF,Mental health,MHPSS Baseline,Events,Past / precipitating events (possible reasons or causes linked to current problem),Answer,3.9 Migration due to financial reasons,الهجرة لأسباب اقتصادية,3343,dca34aab-8ed4-4d8c-9dc6-7e6862e91504,,,Past / Precipitating Events - Separation or loss
MSF,Mental health,MHPSS Baseline,Events,Past / precipitating events (possible reasons or causes linked to current problem),Answer,3.10 Separated families,,4051,d5c4f239-71fe-4f4e-862d-734a4fb9fb92,,,Past / Precipitating Events - Separation or loss
MSF,Mental health,MHPSS Baseline,Events,Past / precipitating events (possible reasons or causes linked to current problem),Answer,3.11. Stillbirth/neonatal death,,4052,0971aca0-e47f-423d-9845-b445ac1bd2ff,,,Past / Precipitating Events - Separation or loss
MSF,Mental health,MHPSS Baseline,Events,Past / precipitating events (possible reasons or causes linked to current problem),Answer,3.12. Uncertainty about the future,,4053,891854f1-bf43-4483-acb0-c7b68dd851d5,,,Past / Precipitating Events - Separation or loss
MSF,Mental health,MHPSS Baseline,Events,Past / precipitating events (possible reasons or causes linked to current problem),Question,4. Disaster,الكوارث,3286,4267a98b-e8c1-4471-8afa-928be2599f66,Coded,multiCheckbox,Past / Precipitating Events - Disaster
MSF,Mental health,MHPSS Baseline,Events,Past / precipitating events (possible reasons or causes linked to current problem),Answer,4.1 Natural disaster,كوارث طبيعية (زلزال / تسونامي / إعصار / فيضان),3344,02dd014e-f5c7-443f-b9e7-053fdd27ce8d,,,Past / Precipitating Events - Disaster
MSF,Mental health,MHPSS Baseline,Events,Past / precipitating events (possible reasons or causes linked to current problem),Answer,4.2 Exposure to traumatic accident,حادث سير,3345,9e0945eb-68f0-4d1c-a421-27f46fa41eaa,,,Past / Precipitating Events - Disaster
MSF,Mental health,MHPSS Baseline,Events,Past / precipitating events (possible reasons or causes linked to current problem),Question,5. Other,أخرى,3287,af96ffd7-e0f3-487f-98a0-ef4dee327b38,Coded,multiCheckbox,Past / Precipitating Events - Other
MSF,Mental health,MHPSS Baseline,Events,Past / precipitating events (possible reasons or causes linked to current problem),Answer,5.1 Financial problems,مشاكل مالية,3346,e6957cdb-3694-4ab6-b98b-2031c02b4460,,,Past / Precipitating Events - Other
MSF,Mental health,MHPSS Baseline,Events,Past / precipitating events (possible reasons or causes linked to current problem),Answer,5.2 Difficult living conditions,صعوبة الوضع المعيشي,3347,cd22a8af-1506-47af-9d1b-325c31c230a8,,,Past / Precipitating Events - Other
MSF,Mental health,MHPSS Baseline,Events,Past / precipitating events (possible reasons or causes linked to current problem),Answer,5.3 Difficulty with social integration,,4055,3d9e6665-8ce1-45bf-abfc-8609a0bf45d3,,,Past / Precipitating Events - Other
MSF,Mental health,MHPSS Baseline,Events,Past / precipitating events (possible reasons or causes linked to current problem),Answer,5.4 Other,حدد,7,790b41ce-e1e7-11e8-b02f-0242ac130002,,,Past / Precipitating Events - Other
MSF,Mental health,MHPSS Baseline,Events,Past / precipitating events (possible reasons or causes linked to current problem),Question,"If other, specify",اذا أخرى، حدد,7,790b41ce-e1e7-11e8-b02f-0242ac130002,Text,text,
MSF,Mental health,MHPSS Baseline,Events,"Select the main events prioritized as 1, 2 and 3 from the lists",Question,Main past or precipitating events - 1,الأحداث الرئيسية الماضية / المحفزة - الأولى,3288,d5e3d927-f7ce-4fdd-ac4e-6ad0b510b608,Coded,radio,Past / precipitating events
MSF,Mental health,MHPSS Baseline,Events,"Select the main events prioritized as 1, 2 and 3 from the lists",Answer,"1.1 Highly stigmatizing disease (HIV/AIDS, FHF, cancer, etc.)",مرض مرتبط بالوصم والعار (الإيدز، الفشل الكبدي الحاد، السرطان، إلخ.),3310,6e02debd-31eb-4112-8566-00e520835c76,,,Past / precipitating events
MSF,Mental health,MHPSS Baseline,Events,"Select the main events prioritized as 1, 2 and 3 from the lists",Answer,"1.2 Severe medical condition (malnutrition, disability, sexual or reproductive problems, etc.)",حالة طبية شديدة (نقص التغذية، الإعاقة الجسدية، مشاكل جنسية أو إنجابية، إلخ.),3311,ccd5d010-12c7-44d7-966e-c5b17c02e3a2,,,Past / precipitating events
MSF,Mental health,MHPSS Baseline,Events,"Select the main events prioritized as 1, 2 and 3 from the lists",Answer,1.3 Unwanted pregnancy,حمل غير مرعوب به,3312,35910034-cc37-4dd1-abb7-ce140b0eff2b,,,Past / precipitating events
MSF,Mental health,MHPSS Baseline,Events,"Select the main events prioritized as 1, 2 and 3 from the lists",Answer,1.4 History of mental health disorder,المعاناة من مشاكل نفسية في السابق,3313,72ad3cc7-820c-4799-ab1c-36ad8f1ca97d,,,Past / precipitating events
MSF,Mental health,MHPSS Baseline,Events,"Select the main events prioritized as 1, 2 and 3 from the lists",Answer,"1.5 Chronic disease (diabetes, hypertension, cancer, etc.)",مرض مزمن (سكري، فرط الضغط، السرطان، إلخ.),3314,4bf7b376-9193-4ee4-a51a-445d07d2d22b,,,Past / precipitating events
MSF,Mental health,MHPSS Baseline,Events,"Select the main events prioritized as 1, 2 and 3 from the lists",Answer,1.6 Family member with a serious medical condition,فرد من أفراد العائلة يعاني من حالة مرضية شديدة,3315,42e8ab5a-607f-4259-a23f-9f9bac5d5b46,,,Past / precipitating events
MSF,Mental health,MHPSS Baseline,Events,"Select the main events prioritized as 1, 2 and 3 from the lists",Answer,1.7 Patient under palliative care,,4037,fb17afb6-033e-4560-8343-eecd6ff0f028,,,Past / precipitating events
MSF,Mental health,MHPSS Baseline,Events,"Select the main events prioritized as 1, 2 and 3 from the lists",Answer,1.8 Chronic pain,,4038,d2f59555-b1ef-4f3b-89c5-88c91f3a8126,,,Past / precipitating events
MSF,Mental health,MHPSS Baseline,Events,"Select the main events prioritized as 1, 2 and 3 from the lists",Answer,1.9 Substance abuse,,2457,fcc01124-3d7b-4e6f-be35-50233a7f64cb,,,Past / precipitating events
MSF,Mental health,MHPSS Baseline,Events,"Select the main events prioritized as 1, 2 and 3 from the lists",Answer,1.10 Termination of pregnancy,,522,f3753bd0-13cf-4bc0-887b-bf9c0e50cc97,,,Past / precipitating events
MSF,Mental health,MHPSS Baseline,Events,"Select the main events prioritized as 1, 2 and 3 from the lists",Answer,1.11 Barriers to accessing healthcare (incl. MH),,4039,e9e30daa-2232-4095-935d-717b3b25d29f,,,Past / precipitating events
MSF,Mental health,MHPSS Baseline,Events,"Select the main events prioritized as 1, 2 and 3 from the lists",Answer,2.1 Sexual violence within the family,العنف الجنسي داخل العائلة,3316,5cccf137-2952-4c9b-b879-b4ed2a9be621,,,Past / precipitating events
MSF,Mental health,MHPSS Baseline,Events,"Select the main events prioritized as 1, 2 and 3 from the lists",Answer,2.2 Sexual violence outside the family,العنف الجنسي خارج العائلة,3317,dbe73631-79ae-4ab9-a3c8-65d6732c8714,,,Past / precipitating events
MSF,Mental health,MHPSS Baseline,Events,"Select the main events prioritized as 1, 2 and 3 from the lists",Answer,2.3 Exposed to war/armed conflict,العيش في أجواء الحرب,3318,cf28335f-d72c-440a-afc1-bcca39b51155,,,Past / precipitating events
MSF,Mental health,MHPSS Baseline,Events,"Select the main events prioritized as 1, 2 and 3 from the lists",Answer,2.4 Incarceration/detention,الحبس/الاحتجاز,3319,66492df1-6d26-498a-b6c7-b10931da1642,,,Past / precipitating events
MSF,Mental health,MHPSS Baseline,Events,"Select the main events prioritized as 1, 2 and 3 from the lists",Answer,2.5 Hostage/kidnapping/forced recruitment,الاختطاف / التجنيد الإجباري,3320,8917acb0-e25d-4f9e-84bb-cae9998abf35,,,Past / precipitating events
MSF,Mental health,MHPSS Baseline,Events,"Select the main events prioritized as 1, 2 and 3 from the lists",Answer,2.6 Deportation/pushback,الترحيل,3321,f279409d-71ba-41c6-8301-76ee90d239dc,,,Past / precipitating events
MSF,Mental health,MHPSS Baseline,Events,"Select the main events prioritized as 1, 2 and 3 from the lists",Answer,2.7 Intimate partner’s violence,العنف المنزلي,3322,e25f9ca1-0b33-4765-a8c4-5da48289bda7,,,Past / precipitating events
MSF,Mental health,MHPSS Baseline,Events,"Select the main events prioritized as 1, 2 and 3 from the lists",Answer,2.8 Victim of threats,التعرض للتهديدات,3323,7ab56ef2-0ff7-4ebf-b7c2-42f6b46c2206,,,Past / precipitating events
MSF,Mental health,MHPSS Baseline,Events,"Select the main events prioritized as 1, 2 and 3 from the lists",Answer,2.9 Victim of human trafficking or smuggling,التعرض للإتجار البشري والتهريب,3324,5958f0fd-c755-4640-80d7-5ef0f9522b2e,,,Past / precipitating events
MSF,Mental health,MHPSS Baseline,Events,"Select the main events prioritized as 1, 2 and 3 from the lists",Answer,2.10 Witness violence/killings/threats,مشاهدة أعمال العنف والقتل والتهديد بالتعرض لها,3325,107a7f52-f95d-447f-bf1a-c801e1a0082c,,,Past / precipitating events
MSF,Mental health,MHPSS Baseline,Events,"Select the main events prioritized as 1, 2 and 3 from the lists",Answer,2.11 Forced to flee (IDP/refugee/migrant),الإجبار على الهرب (النزوح داخلياً / الهجرة / اللجوء),3326,a8b0e025-a735-407b-b958-fe9b29c370e7,,,Past / precipitating events
MSF,Mental health,MHPSS Baseline,Events,"Select the main events prioritized as 1, 2 and 3 from the lists",Answer,2.12 Target of stigma/discrimination/marginalization,التعرض للوصم / التمييز العنصري / التهميش,3327,e702655a-57af-457a-a1ae-42e31f119f80,,,Past / precipitating events
MSF,Mental health,MHPSS Baseline,Events,"Select the main events prioritized as 1, 2 and 3 from the lists",Answer,2.13 Physical violence (wounded/beaten/torture),نوع آخر من العنف (التعرض للجرح / الضرب / التعذيب),3328,c80eb3f7-31b1-4717-a78d-0aac623fc129,,,Past / precipitating events
MSF,Mental health,MHPSS Baseline,Events,"Select the main events prioritized as 1, 2 and 3 from the lists",Answer,2.14 Forced curfew or confinement,الاحتجاز أو منع الحركة القسري,3329,ea673f5c-5f99-4da5-9f41-92c21446de31,,,Past / precipitating events
MSF,Mental health,MHPSS Baseline,Events,"Select the main events prioritized as 1, 2 and 3 from the lists",Answer,2.15 History of suicide attempts,محاولات انتحار سابقة,3330,160734e2-e5ed-44e9-b573-bdbb6e619e30,,,Past / precipitating events
MSF,Mental health,MHPSS Baseline,Events,"Select the main events prioritized as 1, 2 and 3 from the lists",Answer,2.16 History of self-harm/mutilation,أذية نفس / تشويه للنفس في السابق,3331,19408a7e-e17e-4040-adec-d6aa426564ce,,,Past / precipitating events
MSF,Mental health,MHPSS Baseline,Events,"Select the main events prioritized as 1, 2 and 3 from the lists",Answer,2.17 Family members lived a violent experience,تعرض أفراد العائلة لتجربة عنيفة,3332,5a462534-7605-4137-8d5c-503584538eb4,,,Past / precipitating events
MSF,Mental health,MHPSS Baseline,Events,"Select the main events prioritized as 1, 2 and 3 from the lists",Answer,2.18 Adult forced marriage,الزواج القسري للبالغين,3333,a725a884-e785-4c08-b08a-386d8652faaf,,,Past / precipitating events
MSF,Mental health,MHPSS Baseline,Events,"Select the main events prioritized as 1, 2 and 3 from the lists",Answer,2.19 Child marriage,زواج الأطفال,3334,cf6a1837-ad3a-4efc-b99f-4c7679a171d6,,,Past / precipitating events
MSF,Mental health,MHPSS Baseline,Events,"Select the main events prioritized as 1, 2 and 3 from the lists",Answer,2.20 Combat experience (incl. forced recruitment),,4044,0391d68c-cbbc-47ad-b4e4-5c60bb080943,,,Past / precipitating events
MSF,Mental health,MHPSS Baseline,Events,"Select the main events prioritized as 1, 2 and 3 from the lists",Answer,2.21 Persecution,,4045,6de81a84-8491-4af5-be77-2317ff95d518,,,Past / precipitating events
MSF,Mental health,MHPSS Baseline,Events,"Select the main events prioritized as 1, 2 and 3 from the lists",Answer,2.22 Psychological torture,,4046,2e6e7afe-3689-42d6-8fa5-60cbde925c57,,,Past / precipitating events
MSF,Mental health,MHPSS Baseline,Events,"Select the main events prioritized as 1, 2 and 3 from the lists",Answer,2.24 Violence based on gender identity,,4048,2196bd0a-90c1-4ee4-8d72-8a1f2f949a53,,,Past / precipitating events
MSF,Mental health,MHPSS Baseline,Events,"Select the main events prioritized as 1, 2 and 3 from the lists",Answer,2.25 Pushback,,4049,49373120-0962-4023-8c7e-ced32b96e071,,,Past / precipitating events
MSF,Mental health,MHPSS Baseline,Events,"Select the main events prioritized as 1, 2 and 3 from the lists",Answer,2.26 Other forms of ill-treatment,,4050,bc3ddc59-4f9a-4f5e-97e2-291e3c539d6d,,,Past / precipitating events
MSF,Mental health,MHPSS Baseline,Events,"Select the main events prioritized as 1, 2 and 3 from the lists",Answer,3.1 Family member killed or missing,تعرض أحد أفراد العائلة للقتل أو الاختطاف (الاعتقال / الاحتجاز / الإخفاء),3335,4e3ab089-6a99-4e15-8883-3c49a150e6c6,,,Past / precipitating events
MSF,Mental health,MHPSS Baseline,Events,"Select the main events prioritized as 1, 2 and 3 from the lists",Answer,3.2 Unaccompanied minor or orphaned,قاصر أو يتيم من دون مرافق,3336,b10b3c8c-2f11-4f0e-9f45-2959a45997c8,,,Past / precipitating events
MSF,Mental health,MHPSS Baseline,Events,"Select the main events prioritized as 1, 2 and 3 from the lists",Answer,3.3 Negligence of caretakers,اهمال مقدمي الرعاية,3337,f2be320d-7757-4525-bcb0-6005368982d7,,,Past / precipitating events
MSF,Mental health,MHPSS Baseline,Events,"Select the main events prioritized as 1, 2 and 3 from the lists",Answer,3.4 Property destroyed or lost,دمار الممتلكات أو فقدانها,3338,979b6137-2d14-412d-8e07-d3f2a1743deb,,,Past / precipitating events
MSF,Mental health,MHPSS Baseline,Events,"Select the main events prioritized as 1, 2 and 3 from the lists",Answer,3.5 Loss of income/job,فقدان مصدر الدخل,3339,c88d3256-f445-4eee-8aac-c31542386f23,,,Past / precipitating events
MSF,Mental health,MHPSS Baseline,Events,"Select the main events prioritized as 1, 2 and 3 from the lists",Answer,3.6 Death of family member (natural or accidental death),موت فرد من أفراد العائلة (بشكل طبيعي أو عرضي),3340,a98876f1-98f2-4821-b7d4-e2510b4ac3f1,,,Past / precipitating events
MSF,Mental health,MHPSS Baseline,Events,"Select the main events prioritized as 1, 2 and 3 from the lists",Answer,3.7 Relationship problems,مشاكل عاطفية مع الشريك/ة,3341,0e61d02d-5041-4cb2-8f4c-c59b89e7a17e,,,Past / precipitating events
MSF,Mental health,MHPSS Baseline,Events,"Select the main events prioritized as 1, 2 and 3 from the lists",Answer,3.8 Divorce/separation,الطلاق / الانفصال,3342,c461d1ad-5f8e-4e67-bcc7-70e4765640f1,,,Past / precipitating events
MSF,Mental health,MHPSS Baseline,Events,"Select the main events prioritized as 1, 2 and 3 from the lists",Answer,3.9 Migration due to financial reasons,الهجرة لأسباب اقتصادية,3343,dca34aab-8ed4-4d8c-9dc6-7e6862e91504,,,Past / precipitating events
MSF,Mental health,MHPSS Baseline,Events,"Select the main events prioritized as 1, 2 and 3 from the lists",Answer,3.10 Separated families,,4051,d5c4f239-71fe-4f4e-862d-734a4fb9fb92,,,Past / precipitating events
MSF,Mental health,MHPSS Baseline,Events,"Select the main events prioritized as 1, 2 and 3 from the lists",Answer,3.11. Stillbirth/neonatal death,,4052,0971aca0-e47f-423d-9845-b445ac1bd2ff,,,Past / precipitating events
MSF,Mental health,MHPSS Baseline,Events,"Select the main events prioritized as 1, 2 and 3 from the lists",Answer,3.12. Uncertainty about the future,,4053,891854f1-bf43-4483-acb0-c7b68dd851d5,,,Past / precipitating events
MSF,Mental health,MHPSS Baseline,Events,"Select the main events prioritized as 1, 2 and 3 from the lists",Answer,"4.1 Natural disaster (earthquake, tsunami, flood, hurricane etc.)",كوارث طبيعية (زلزال / تسونامي / إعصار / فيضان),3344,02dd014e-f5c7-443f-b9e7-053fdd27ce8d,,,Past / precipitating events
MSF,Mental health,MHPSS Baseline,Events,"Select the main events prioritized as 1, 2 and 3 from the lists",Answer,4.2 Exposure to traumatic accident,حادث سير,3345,9e0945eb-68f0-4d1c-a421-27f46fa41eaa,,,Past / precipitating events
MSF,Mental health,MHPSS Baseline,Events,"Select the main events prioritized as 1, 2 and 3 from the lists",Answer,5.1 Financial problems,مشاكل مالية,3346,e6957cdb-3694-4ab6-b98b-2031c02b4460,,,Past / precipitating events
MSF,Mental health,MHPSS Baseline,Events,"Select the main events prioritized as 1, 2 and 3 from the lists",Answer,5.2 Difficult living conditions,صعوبة الوضع المعيشي,3347,cd22a8af-1506-47af-9d1b-325c31c230a8,,,Past / precipitating events
MSF,Mental health,MHPSS Baseline,Events,"Select the main events prioritized as 1, 2 and 3 from the lists",Answer,5.3 Difficulty with social integration,,4055,3d9e6665-8ce1-45bf-abfc-8609a0bf45d3,,,Past / precipitating events
MSF,Mental health,MHPSS Baseline,Events,"Select the main events prioritized as 1, 2 and 3 from the lists",Answer,5.4 Other,حدد,7,790b41ce-e1e7-11e8-b02f-0242ac130002,,,Past / precipitating events
MSF,Mental health,MHPSS Baseline,Events,"Select the main events prioritized as 1, 2 and 3 from the lists",Question,Main past or precipitating events - 2,الأحداث الرئيسية الماضية / المحفزة - الثانية,3289,54a9b20e-bce5-4d4a-8c9c-e0248a182586,Coded,radio,Past / precipitating events
MSF,Mental health,MHPSS Baseline,Events,"Select the main events prioritized as 1, 2 and 3 from the lists",Question,Main past or precipitating events - 3,الأحداث الرئيسية الماضية / المحفزة - الثالثة,3290,e0d4e006-85b5-41cb-8a21-e013b1978b8b,Coded,radio,Past / precipitating events
MSF,Mental health,MHPSS Baseline,Events,"Select the main events prioritized as 1, 2 and 3 from the lists",Question,Main category of precipitating event,نوع الحدث المحفز الرئيسي,3291,c1a3ed2d-6d9a-453d-9d93-749164a76413,Coded,radio,Main category of precipitating event
MSF,Mental health,MHPSS Baseline,Events,"Select the main events prioritized as 1, 2 and 3 from the lists",Answer,Medical Conditions,الحالات الطبية,3421,e8846576-7fae-4ae1-b747-48eccd524d4d,,,Main category of precipitating event
MSF,Mental health,MHPSS Baseline,Events,"Select the main events prioritized as 1, 2 and 3 from the lists",Answer,Violence,العنف,3422,0d56f886-875b-4932-a0c2-cde2886a286c,,,Main category of precipitating event
MSF,Mental health,MHPSS Baseline,Events,"Select the main events prioritized as 1, 2 and 3 from the lists",Answer,Separation or Loss,الانفصال او الفقد,3423,2e8cee73-d7ec-490f-8422-30bc7615e24d,,,Main category of precipitating event
MSF,Mental health,MHPSS Baseline,Events,"Select the main events prioritized as 1, 2 and 3 from the lists",Answer,Disaster,الكوارث,3424,73fcb975-b93d-4de6-bd42-dfeb1a221412,,,Main category of precipitating event
MSF,Mental health,MHPSS Baseline,Events,"Select the main events prioritized as 1, 2 and 3 from the lists",Answer,Other,أخرى,7,790b41ce-e1e7-11e8-b02f-0242ac130002,,,Main category of precipitating event
MSF,Mental health,MHPSS Baseline,Events,Details of events,Question,Time from the main event,الوقت منذ الحدث الرئيسي,3849,8ef009b1-396c-4dda-a816-b688ed66e450,Coded,radio,Time from main event - MH
MSF,Mental health,MHPSS Baseline,Events,Details of events,Answer,1-3 days,Arabic,3243,a3d78d0a-613d-46ab-ae00-de985dd822eb,,,Time from main event - MH
MSF,Mental health,MHPSS Baseline,Events,Details of events,Answer,4-7 days,Arabic,3244,7a5a7a86-1ebf-4309-915a-d58e6c907db1,,,Time from main event - MH
MSF,Mental health,MHPSS Baseline,Events,Details of events,Answer,1-4 weeks,Arabic,3245,d5ea3587-be05-4b66-809c-3c63481300b3,,,Time from main event - MH
MSF,Mental health,MHPSS Baseline,Events,Details of events,Answer,1-3 months,Arabic,4043,e417a528-0c5d-4191-8f30-af19d725e3c7,,,Time from main event - MH
MSF,Mental health,MHPSS Baseline,Events,Details of events,Answer,4-12 months,Arabic,4054,0b783522-348b-462e-b962-772af98bcc92,,,Time from main event - MH
MSF,Mental health,MHPSS Baseline,Events,Details of events,Answer,>1 year,Arabic,3248,f7ae6f81-0dcf-4316-9706-26d96a8d9c1e,,,Time from main event - MH
MSF,Mental health,MHPSS Baseline,Events,Details of events,Question,Relevant details of the past / precipitating events,تفاصيل ذات صلة بالأحداث الماضية / المحفزة,3292,2e6ca6a9-886e-483a-911f-92f6a16b11c9,Text,textarea,
MSF,Mental health,MHPSS Baseline,Diagnosis,Clinical summary,Question,What is your explanation of the current state of problems,ماهو تفسيرك للوضع الحالي للمشكلة,3850,882e7815-c6e4-4952-a1d6-26c5fb72d850,Text,text,
MSF,Mental health,MHPSS Baseline,Intervention & follow-up,Intervention,Question,Overall goals for therapy,أهداف العلاج النفسي الإجمالية,3293,8bea5a61-73e6-40c1-af04-43dec63749a4,Text,textarea,
MSF,Mental health,MHPSS Baseline,Intervention & follow-up,Intervention,Question,Interventions/Techniques used,جلسة اليوم (ماذا فعلتم في جلسة اليوم؟),3294,c0744459-b715-4a66-8d65-4bdaef3f90b7,Text,textarea,
MSF,Mental health,MHPSS Baseline,Intervention & follow-up,Intervention,Question,Homework,المقرر المنزلي (ماذا سيفعل المريض قبل الجلسة القادمة؟),3295,8e7e0064-59c3-4440-b687-a253d7880c29,Text,textarea,
MSF,Mental health,MHPSS Baseline,Intervention & follow-up,Follow-up,Question,Follow up session required?,جلسة المتابعة مطلوبة? (إذا كانت الإجابة لا، املأ نموذج الخروج),3296,5f6e245c-83fc-421b-8d46-061ac773ae71,Coded,radio,Yes-no
MSF,Mental health,MHPSS Baseline,Intervention & follow-up,Follow-up,Answer,Yes,نعم,931,681cf0bc-5213-492a-8470-0a0b3cc324dd,,,Yes-no
MSF,Mental health,MHPSS Baseline,Intervention & follow-up,Follow-up,Answer,No,لا,930,a5c5563e-df0e-4742-a335-b24fb63664ee,,,Yes-no
MSF,Mental health,MHPSS Baseline,Intervention & follow-up,Follow-up,Question,Next session date,تاريخ الجلسة القادمة,721,edc6f30c-4ff2-4a4f-8b90-ca4502bb97a1,Date,date,
MSF,Mental health,MHPSS Baseline,Intervention & follow-up,Follow-up,Question,Referral done?,تم إعادة إحالة المريض,3297,6d3876be-0a27-466d-ad58-92edcc8c31fb,Coded,radio,Yes-no
MSF,Mental health,MHPSS Baseline,Intervention & follow-up,Follow-up,Question,Patient referred to,المريض المحول إلى,3298,8fb3bb7d-c935-4b57-8444-1b953470e109,Coded,radio,Type of referral - MH
MSF,Mental health,MHPSS Baseline,Intervention & follow-up,Follow-up,Answer,"Medical care (MSF, MoH, NGO)",العناية الطبية (منظمة أطباء بلا حدود، أو وزارة الصحة، أو منظمة غير حكومية),1003,5f121c90-eca2-4af4-bc2f-49ad1a50ff2e,,,Type of referral - MH
MSF,Mental health,MHPSS Baseline,Intervention & follow-up,Follow-up,Answer,MSF psychiatric care,خدمات الصحة النفسية لدى منظمة أطباء بلا حدود,3350,485939c5-1e77-4495-b5e1-77fb2abbcfd7,,,Type of referral - MH
MSF,Mental health,MHPSS Baseline,Intervention & follow-up,Follow-up,Answer,Non-MSF psychiatrist services,خدمات الصحة النفسية من غير منظمة أطباء بلا حدود,3351,489b042d-5ed4-436f-944c-27b7f31bef3f,,,Type of referral - MH
MSF,Mental health,MHPSS Baseline,Intervention & follow-up,Follow-up,Answer,Social services,الخدمات الاجتماعية,3348,978fa5d2-e6c4-4b2a-a293-73c098de0af6,,,Type of referral - MH
MSF,Mental health,MHPSS Baseline,Intervention & follow-up,Follow-up,Answer,Legal services,الخدمات القانونية,1006,8fe43e9c-dd37-4f61-8f30-e3ac2f3b9445,,,Type of referral - MH
MSF,Mental health,MHPSS Baseline,Intervention & follow-up,Follow-up,Answer,Protection services,خدمات الحماية,1007,eff27d0b-d485-4983-814f-febbc4fe185a,,,Type of referral - MH
MSF,Mental health,MHPSS Baseline,Intervention & follow-up,Follow-up,Answer,Hospitalisation,الارسال الى المستشفى,46,6b8fca2d-0147-4dd8-a8f5-3b813152b952,,,Type of referral - MH
MSF,Mental health,MHPSS Baseline,Intervention & follow-up,Follow-up,Answer,CHW,عاملو صحة مجتمع,3349,9bcbf231-c6ca-41c4-b247-bc4bced260c3,,,Type of referral - MH
MSF,Mental health,MHPSS Baseline,Intervention & follow-up,Follow-up,Answer,Group support,,4042,204c5cd9-7ef2-4347-89c2-df17e4789d06,,,Type of referral - MH
MSF,Mental health,MHPSS Baseline,Intervention & follow-up,Follow-up,Answer,Other,أخرى,7,790b41ce-e1e7-11e8-b02f-0242ac130002,,,Type of referral - MH
MSF,Mental health,MHPSS Baseline,Intervention & follow-up,Follow-up,Question,"If other, specify",اذا أخرى، حدد,7,790b41ce-e1e7-11e8-b02f-0242ac130002,Text,text,
MSF,Mental health,MHPSS Baseline,Intervention & follow-up,Follow-up,Question,Reason for referral,أسباب الإحالة,62,b7fdcd18-fc30-4b5d-82b2-bb0eec31f0e4,Text,text,